registered_pct,user_count,ramp,scenario,http_req_tls_handshaking_max,http_req_tls_handshaking_p(90),http_req_tls_handshaking_p(95),http_req_tls_handshaking_avg,http_req_tls_handshaking_min,http_req_tls_handshaking_med,play_duration_max,play_duration_p(90),play_duration_p(95),play_duration_avg,play_duration_min,play_duration_med,http_req_blocked_avg,http_req_blocked_min,http_req_blocked_med,http_req_blocked_max,http_req_blocked_p(90),http_req_blocked_p(95),iterations_rate,iterations_count,vus_max_value,vus_max_min,vus_max_max,data_received_rate,data_received_count,http_req_duration_max,http_req_duration_p(90),http_req_duration_p(95),http_req_duration_avg,http_req_duration_min,http_req_duration_med,http_req_connecting_min,http_req_connecting_med,http_req_connecting_max,http_req_connecting_p(90),http_req_connecting_p(95),http_req_connecting_avg,iteration_duration_avg,iteration_duration_min,iteration_duration_med,iteration_duration_max,iteration_duration_p(90),iteration_duration_p(95),checks_passes,checks_fails,checks_value,data_sent_rate,data_sent_count,http_req_waiting_p(95),http_req_waiting_avg,http_req_waiting_min,http_req_waiting_med,http_req_waiting_max,http_req_waiting_p(90),http_req_sending_avg,http_req_sending_min,http_req_sending_med,http_req_sending_max,http_req_sending_p(90),http_req_sending_p(95),vus_value,vus_min,vus_max,http_req_duration{expected_response:true}_p(90),http_req_duration{expected_response:true}_p(95),http_req_duration{expected_response:true}_avg,http_req_duration{expected_response:true}_min,http_req_duration{expected_response:true}_med,http_req_duration{expected_response:true}_max,http_req_receiving_p(90),http_req_receiving_p(95),http_req_receiving_avg,http_req_receiving_min,http_req_receiving_med,http_req_receiving_max,login_duration_p(95),login_duration_avg,login_duration_min,login_duration_med,login_duration_max,login_duration_p(90),http_req_failed_passes,http_req_failed_fails,http_req_failed_value,http_reqs_count,http_reqs_rate,name,path,id,checks_Login request returned 200_id,checks_Login request returned 200_passes,checks_Login request returned 200_fails,checks_Login request returned 200_name,checks_Login request returned 200_path,checks_Play request returned 200_name,checks_Play request returned 200_path,checks_Play request returned 200_id,checks_Play request returned 200_passes,checks_Play request returned 200_fails,filename
0,10,False,full,51.894,0,0,0.6572906249999999,0,0,116.0927,66.15065,74.39427500000001,54.10735156249998,40.304,51.897800000000004,1.0863626953124998,0,0,87.7757,0,0,7.107392306286142,256,10,10,10,1909.2510215273114,68769,145.9109,66.32197000000002,73.87622999999999,54.13269316406252,40.304,51.42695,0,0,21.767,0,0,0.3903771484375,1111.1367867187507,1087.1534,1104.8465999999999,1217.1375,1137.4778999999999,1156.3132249999999,512,0,1.0,1546.3575651387716,55698,73.81902999999998,54.054731054687544,40.304,51.3056,145.9109,65.88730000000001,0.041508593749999996,0,0,1.276,0.11836000000000002,0.18773999999999996,1,1,10,66.32197000000002,73.87622999999999,54.13269316406252,40.304,51.42695,145.9109,0.0,0.04855499999999877,0.036453515625,0,0,1.0222,73.178325,54.158034765625004,40.8666,51.25815,145.9109,65.8794,0,512,0.0,512,14.214784612572284,,,d41d8cd98f00b204e9800998ecf8427e,572a92ec029029b4b9c772e6bd54fb50,256,0,Login request returned 200,::Login request returned 200,Play request returned 200,::Play request returned 200,81a35480d3fa4312b9306d0c2c265fcb,256.0,0.0,result_0_percent_registered_users10_rampfalse_full.json
0,10,False,login,47.3131,0,0,1.2173701492537314,0,0,,,,,,,2.010100746268657,0,0,83.3375,0,0,7.638274834294467,268,10,10,10,1520.4727084326166,53348,120.8063,69.49725000000001,75.83656999999997,56.031653731343276,39.2238,52.56465,0,0,25.9823,0,0,0.7253242537313432,1058.6012138059698,1040.821,1053.3618000000001,1172.2461,1073.0291,1093.94354,268,0,1.0,1113.7915755574384,39079,75.63831999999996,55.967311194029854,39.2238,52.56465,120.8063,69.49725000000001,0.032245522388059694,0,0,0.5307,0.16491,0.19074499999999997,1,1,10,69.49725000000001,75.83656999999997,56.031653731343276,39.2238,52.56465,120.8063,0.0,0.0,0.03209701492537313,0,0,1.0084,75.83656999999997,56.031653731343276,39.2238,52.56465,120.8063,69.49725000000001,0,268,0.0,268,7.638274834294467,,,d41d8cd98f00b204e9800998ecf8427e,572a92ec029029b4b9c772e6bd54fb50,268,0,Login request returned 200,::Login request returned 200,,,,,,result_0_percent_registered_users10_rampfalse_login.json
0,10,True,full,48.8613,0,0,0.5350290476190476,0,0,4717.2309,70.63164000000002,76.88555000000001,78.9840441269841,40.8716,51.6706,0.9114479365079364,0,0,88.0761,0,0,6.164630520844211,315,10,10,10,1500.9407549084026,76695,4717.2309,71.7176,79.70651499999995,71.54831507936501,40.7546,52.32340000000001,0,0,27.4231,0,0,0.3485138095238096,1145.5918409523817,1082.9296,1108.6827,5765.2895,1142.40888,1167.72908,630,0,1.0,1312.8705983835998,67085,79.70651499999995,71.44594507936499,40.7546,52.1963,4717.2309,71.7176,0.05671603174603174,0,0,1.1081,0.1611200000000001,0.5088749999999997,1,1,10,71.7176,79.70651499999995,71.54831507936501,40.7546,52.32340000000001,4717.2309,0.0,0.3412549999999977,0.04565396825396825,0,0,1.1885,82.05541000000007,64.11258603174602,40.7546,52.8961,1316.8344,73.23622,0,630,0.0,630,12.329261041688422,,,d41d8cd98f00b204e9800998ecf8427e,572a92ec029029b4b9c772e6bd54fb50,315,0,Login request returned 200,::Login request returned 200,Play request returned 200,::Play request returned 200,81a35480d3fa4312b9306d0c2c265fcb,315.0,0.0,result_0_percent_registered_users10_ramptrue_full.json
0,10,True,login,47.5391,0,0,0.946629761904762,0,0,,,,,,,1.6587744047619049,0,0,103.7394,0,0,6.6104411658518725,336,10,10,10,1158.9716626165714,58909,4762.0232,72.01955,78.428175,72.38802142857138,39.2284,51.0291,0,0,25.0029,0,0,0.6167193452380951,1074.5931157738087,1039.4247,1052.0191,5809.1854,1073.7312,1091.43655,336,0,1.0,936.5381869584724,47603,78.428175,72.29968601190468,39.2284,50.976749999999996,4762.0232,72.01955,0.0433467261904762,0,0,0.9997,0.1792,0.19740000000000002,1,1,10,72.01955,78.428175,72.38802142857138,39.2284,51.0291,4762.0232,0.0,0.251325,0.04498869047619047,0,0,1.0279,78.428175,72.38802142857138,39.2284,51.0291,4762.0232,72.01955,0,336,0.0,336,6.6104411658518725,,,d41d8cd98f00b204e9800998ecf8427e,572a92ec029029b4b9c772e6bd54fb50,336,0,Login request returned 200,::Login request returned 200,,,,,,result_0_percent_registered_users10_ramptrue_login.json
0,25,False,full,47.3728,0,0,0.6489954619124798,0,0,4437.6011,65.036,73.48831999999999,66.59718298217186,40.3021,50.166,1.0761241491085904,0,0,89.5847,0,0,17.364778171614887,617,25,25,25,4738.895807641307,168381,4750.8857,64.31859,73.49188499999998,71.37458824959468,39.9876,50.2225,0,0,29.4779,0,0,0.41475623987034027,1145.6263144246348,1085.5928,1102.8482,5816.9646,1135.7965,1156.88986,1234,0,1.0,3792.0510231556673,134738,73.37426999999998,71.27208200972434,39.9876,50.1857,4750.6807,64.29263,0.05550599675850891,0,0,1.2592,0.16208000000000003,0.2250099999999994,3,3,25,64.31859,73.49188499999998,71.37458824959468,39.9876,50.2225,4750.8857,0.0,0.39992499999999803,0.04700024311183144,0,0,1.0289,71.80361999999985,76.15199351701779,39.9876,50.2632,4750.8857,63.73715999999999,0,1234,0.0,1234,34.729556343229774,,,d41d8cd98f00b204e9800998ecf8427e,572a92ec029029b4b9c772e6bd54fb50,617,0,Login request returned 200,::Login request returned 200,Play request returned 200,::Play request returned 200,81a35480d3fa4312b9306d0c2c265fcb,617.0,0.0,result_0_percent_registered_users25_rampfalse_full.json
0,25,False,login,48.2981,0,0,1.2492220183486233,0,0,,,,,,,2.1097889908256877,0,0,117.0466,0,0,17.67363685448146,654,25,25,25,3566.4534407237556,131974,6378.3367,64.97370000000001,76.49097,84.6748859327217,40.0169,51.3374,0,0,29.5728,0,0,0.7806399082568808,1087.36573180428,1040.4019,1052.06705,7378.3835,1072.44133,1098.0547350000002,654,0,1.0,2584.999093199203,95656,76.42485500000001,84.58891758409789,40.0169,51.26465,6377.3078,64.91811000000001,0.04137859327217125,0,0,0.9986,0.18237000000000006,0.200775,1,1,25,64.97370000000001,76.49097,84.6748859327217,40.0169,51.3374,6378.3367,0.0,0.3236600000000001,0.04458975535168195,0,0,1.0426,76.49097,84.6748859327217,40.0169,51.3374,6378.3367,64.97370000000001,0,654,0.0,654,17.67363685448146,,,d41d8cd98f00b204e9800998ecf8427e,572a92ec029029b4b9c772e6bd54fb50,654,0,Login request returned 200,::Login request returned 200,,,,,,result_0_percent_registered_users25_rampfalse_login.json
0,25,True,full,47.7352,0,0,0.3531820822162645,0,0,4906.6499,64.51204,71.67351000000001,69.54232529043779,39.5847,50.6002,0.5952302949061662,0,0,82.6964,0,0,13.834104423937044,1119,25,25,25,2950.26185122385,238638,4906.6499,65.0923,72.79109500000003,70.04124512958,39.5847,50.6057,0,0,26.0577,0,0,0.23564477211796245,1141.9734579982141,1083.3709,1103.6028,5958.306,1130.30562,1152.64914,2238,0,1.0,2872.462012850449,232345,72.61963000000003,69.95948561215373,39.5847,50.5709,4906.6499,65.00699999999999,0.044639722966934706,0,0,1.9257,0.1346,0.186115,2,1,25,65.0923,72.79109500000003,70.04124512958,39.5847,50.6057,4906.6499,0.0,0.2189450000000004,0.0371197944593387,0,0,1.477,73.47206,70.54016496872211,40.2137,50.6116,4772.9556,65.87028000000001,0,2238,0.0,2238,27.668208847874087,,,d41d8cd98f00b204e9800998ecf8427e,572a92ec029029b4b9c772e6bd54fb50,1119,0,Login request returned 200,::Login request returned 200,Play request returned 200,::Play request returned 200,81a35480d3fa4312b9306d0c2c265fcb,1119.0,0.0,result_0_percent_registered_users25_ramptrue_full.json
0,25,True,login,47.4928,0,0,0.698603264604811,0,0,,,,,,,1.1417011168384883,0,0,82.9523,0,0,14.431100038198032,1164,25,25,25,2143.9110010355953,172926,4499.3138,68.11308000000001,77.07048499999999,87.63827164948465,39.3512,51.0377,0,0,26.7913,0,0,0.42828986254295537,1089.3913173539506,1039.4522,1051.6792500000001,5499.8994,1070.5816499999999,1082.24533,1164,0,1.0,1981.7966847989308,159850,76.90110499999999,87.56892508591085,39.3512,50.8386,4499.3138,68.02938000000002,0.03205085910652919,0,0,1.0135,0.16127000000000005,0.19185499999999997,1,1,25,68.11308000000001,77.07048499999999,87.63827164948465,39.3512,51.0377,4499.3138,0.0,0.11908499999999726,0.03729570446735395,0,0,1.4636,77.07048499999999,87.63827164948465,39.3512,51.0377,4499.3138,68.11308000000001,0,1164,0.0,1164,14.431100038198032,,,d41d8cd98f00b204e9800998ecf8427e,572a92ec029029b4b9c772e6bd54fb50,1164,0,Login request returned 200,::Login request returned 200,,,,,,result_0_percent_registered_users25_ramptrue_login.json
0,35,False,full,49.7362,0,0,0.6029219525959366,0,0,345.6296,67.34785,73.7414,54.569592099322776,39.1859,51.135099999999994,1.0082467832957107,0,0,85.807,0,0,14.192146552731366,886,35,35,35,3817.463167547335,238320,345.6296,67.59422,73.85551499999997,54.595931376975116,38.6435,51.23795,0,0,25.424,0,0,0.39571241534988716,1111.9337471783294,1082.1625,1105.0970000000002,1419.3538,1137.6919,1156.068,1772,0,1.0,3092.1579802926217,193040,73.85551499999997,54.51036004514668,38.6435,51.177,345.6296,67.51021,0.036911907449209934,0,0,1.0428,0.08996000000000058,0.16014499999999998,1,1,35,67.59422,73.85551499999997,54.595931376975116,38.6435,51.23795,345.6296,0.10305000000000014,0.39396499999999934,0.0486594243792325,0,0,1.0235,74.0601,54.6222706546275,38.6435,51.4168,197.2153,67.61445,0,1772,0.0,1772,28.38429310546273,,,d41d8cd98f00b204e9800998ecf8427e,572a92ec029029b4b9c772e6bd54fb50,886,0,Login request returned 200,::Login request returned 200,Play request returned 200,::Play request returned 200,81a35480d3fa4312b9306d0c2c265fcb,886.0,0.0,result_0_percent_registered_users35_rampfalse_full.json
0,35,False,login,45.2994,0,0,1.2576977426636569,0,0,,,,,,,2.0861888261851016,0,0,99.1334,0,0,15.781139519499533,886,35,35,35,3251.7162661617995,182561,4711.1982,69.09065000000001,78.512175,96.62812528216715,40.4313,52.1562,0,0,25.6039,0,0,0.7848065462753949,1099.2994562076751,1040.8916,1053.1414,5711.6276,1075.4419,1104.0132,886,0,1.0,2322.071779772139,130368,78.36265,96.55948194130927,40.3366,52.13255,4711.1982,69.09065000000001,0.030477878103837466,0,0,0.5354,0.1446,0.17420000000000002,1,1,35,69.09065000000001,78.512175,96.62812528216715,40.4313,52.1562,4711.1982,0.0,0.32475,0.03816546275395033,0,0,1.0304,78.512175,96.62812528216715,40.4313,52.1562,4711.1982,69.09065000000001,0,886,0.0,886,15.781139519499533,,,d41d8cd98f00b204e9800998ecf8427e,572a92ec029029b4b9c772e6bd54fb50,886,0,Login request returned 200,::Login request returned 200,,,,,,result_0_percent_registered_users35_rampfalse_login.json
0,35,True,full,44.0506,0,0,0.29818266304347835,0,0,4568.2283,65.14824000000002,75.64519499999999,75.68586130434788,39.2854,50.80545,0.4964324728260869,0,0,78.1101,0,0,14.471898814522138,1840,35,35,35,2935.2078209186584,373191,4568.2283,65.80341999999999,76.44033499999999,74.8631285054349,39.2854,50.84985,0,0,27.0717,0,0,0.19469271739130434,1151.401233858697,1082.9533,1104.16085,5617.777,1134.48383,1155.6883599999999,3680,0,1.0,2979.3313819781524,378801,76.44033499999999,74.7903228804348,39.2854,50.814350000000005,4568.2283,65.70672,0.03652461956521741,0,0,1.4113,0.1102,0.1715,1,1,35,65.80341999999999,76.44033499999999,74.8631285054349,39.2854,50.84985,4568.2283,0.0,0.27343999999999974,0.03628100543478261,0,0,1.3789,78.291125,74.04039570652174,39.5804,50.981899999999996,4488.4952,66.09190000000001,0,3680,0.0,3680,28.943797629044276,,,d41d8cd98f00b204e9800998ecf8427e,572a92ec029029b4b9c772e6bd54fb50,1840,0,Login request returned 200,::Login request returned 200,Play request returned 200,::Play request returned 200,81a35480d3fa4312b9306d0c2c265fcb,1840.0,0.0,result_0_percent_registered_users35_ramptrue_full.json
0,35,True,login,47.7709,0,0,0.5736179718875501,0,0,,,,,,,0.960447138554217,0,0,125.8072,0,0,19.732789872224053,1992,35,35,35,2684.4618101624565,270993,5269.9921,64.45157,71.80698499999995,64.88302796184733,39.365,50.18925,0,0,25.4393,0,0,0.35616280120481925,1066.4313269578317,1039.8177,1050.9297000000001,6270.6192,1066.52021,1076.83589,1992,0,1.0,2666.6012578835307,269190,71.59649,64.81232710843369,39.365,50.18045,5269.9921,64.36864,0.03343529116465862,0,0,0.5383,0.15646000000000004,0.18331499999999987,2,1,35,64.45157,71.80698499999995,64.88302796184733,39.365,50.18925,5269.9921,0.0,0.2617349999999996,0.037265562248995986,0,0,1.1181,71.80698499999995,64.88302796184733,39.365,50.18925,5269.9921,64.45157,0,1992,0.0,1992,19.732789872224053,,,d41d8cd98f00b204e9800998ecf8427e,572a92ec029029b4b9c772e6bd54fb50,1992,0,Login request returned 200,::Login request returned 200,,,,,,result_0_percent_registered_users35_ramptrue_login.json
0,50,False,full,44.016,0,0,0.6184571090047394,0,0,829.4785,64.1528,70.6482,54.43363459715634,40.3721,51.15475,1.0423330173775673,0,0,75.0961,0,0,35.57612153877707,1266,50,50,50,9567.812901388785,340477,1050.3853,64.67160000000001,71.60299499999999,54.66083412322281,40.1809,51.295500000000004,0,0,26.9683,0,0,0.4173022116903634,1112.1532356240132,1084.5479,1104.8383,2107.4186,1132.2325999999998,1153.7881499999999,2532,0,1.0,7752.278553635411,275870,71.60299499999999,54.58167843601902,40.0249,51.199650000000005,1050.3853,64.67160000000001,0.0380599526066351,0,0,1.3421,0.10599,0.15588999999999997,3,3,50,64.67160000000001,71.60299499999999,54.66083412322281,40.1809,51.295500000000004,1050.3853,0.03917000000000094,0.3208949999999998,0.041095734597156396,0,0,1.0294,71.73049999999999,54.88803364928908,40.1809,51.3335,1050.3853,65.43025,0,2532,0.0,2532,71.15224307755415,,,d41d8cd98f00b204e9800998ecf8427e,572a92ec029029b4b9c772e6bd54fb50,1266,0,Login request returned 200,::Login request returned 200,Play request returned 200,::Play request returned 200,81a35480d3fa4312b9306d0c2c265fcb,1266.0,0.0,result_0_percent_registered_users50_rampfalse_full.json
0,50,False,login,45.3459,0,0,1.1604980362537762,0,0,,,,,,,2.0029675226586106,0,0,120.5326,0,0,36.85561458349055,1324,50,50,50,7389.077502352455,265445,3923.8222,65.17436,72.58895999999999,60.731054607250734,39.4039,50.953050000000005,0,0,28.5046,0,0,0.8011171450151058,1063.3201921450157,1039.8658,1051.59075,4923.8828,1069.54469,1096.1445199999998,1324,0,1.0,5379.917612781006,193268,72.58895999999999,60.65313308157094,39.4039,50.85625,3923.8222,65.15297,0.03133157099697886,0,0,1.0043,0.13397000000000006,0.1688,3,3,50,65.17436,72.58895999999999,60.731054607250734,39.4039,50.953050000000005,3923.8222,0.0,0.3291149999999995,0.04658995468277943,0,0,1.1934,72.58895999999999,60.731054607250734,39.4039,50.953050000000005,3923.8222,65.17436,0,1324,0.0,1324,36.85561458349055,,,d41d8cd98f00b204e9800998ecf8427e,572a92ec029029b4b9c772e6bd54fb50,1324,0,Login request returned 200,::Login request returned 200,,,,,,result_0_percent_registered_users50_rampfalse_login.json
0,50,True,full,48.627,0,0,0.23620677486599168,0,0,3765.3981,65.05139,72.27680999999997,57.56223645026808,39.0456,50.763450000000006,0.394759023228112,0,0,79.6899,0,0,25.67025250994143,3358,50,50,50,4851.922348583909,634694,23714.2752,65.6118,73.31299999999999,62.529750684931464,39.0456,50.861000000000004,0,0,26.9031,0,0,0.15660290351399642,1126.5391515783192,1082.3991,1103.7549,24784.7456,1130.60762,1148.62474,6715,1,0.9998511018463371,5220.601603512276,682922,73.27075,62.46132927337697,39.0456,50.802949999999996,23714.2752,65.53625,0.028032951161405605,0,0,1.9994,0.0138,0.14679999999999999,3,1,50,65.58330000000001,73.27410999999998,59.007525003723075,39.0456,50.8606,4207.1818,0.0,0.313975,0.04038846039309116,0,0,1.2089,74.61780499999995,67.49726491959514,39.4953,50.999300000000005,23714.2752,66.10655000000001,1,6715,0.0001488981536628946,6716,51.34050501988286,,,d41d8cd98f00b204e9800998ecf8427e,572a92ec029029b4b9c772e6bd54fb50,3357,1,Login request returned 200,::Login request returned 200,Play request returned 200,::Play request returned 200,81a35480d3fa4312b9306d0c2c265fcb,3358.0,0.0,result_0_percent_registered_users50_ramptrue_full.json
0,50,True,login,60.044,0,0,0.4616482908458864,0,0,,,,,,,0.7721965816917731,0,0,97.6992,0,0,21.601985389165517,3452,50,50,50,2723.489707172735,435214,60000.129,67.09582,74.62169999999996,94.54856025492467,38.8043,50.6281,0,0,27.3792,0,0,0.3051298667439166,1095.8839677867898,1039.5024,1051.3089,61001.2032,1068.74804,1078.8215249999998,3450,2,0.9994206257242179,2884.8850736767813,461005,74.53124,94.48768531286223,38.8043,50.593900000000005,60000.129,66.99733,0.02479064310544615,0,0,1.0008,0.12788000000000002,0.169545,1,1,50,67.00204000000001,74.50271,59.8338708405797,38.8043,50.626599999999996,3521.4411,0.0,0.2094,0.0360842989571263,0,0,1.4705,74.62169999999996,94.54856025492467,38.8043,50.6281,60000.129,67.09582,2,3450,0.0005793742757821553,3452,21.601985389165517,,,d41d8cd98f00b204e9800998ecf8427e,572a92ec029029b4b9c772e6bd54fb50,3450,2,Login request returned 200,::Login request returned 200,,,,,,result_0_percent_registered_users50_ramptrue_login.json
100,10,False,full,46.757,0,0,0.6465563953488371,0,0,122.0448,67.51594999999999,74.93569499999995,54.42847093023258,41.0689,51.09155,1.0970548449612403,0,0,89.6044,0,0,7.211912301301508,258,10,10,10,1924.8538025876815,68860,122.0448,66.8977,73.614075,54.213250775193714,40.7998,51.2607,0,0,26.9624,0,0,0.41041492248062017,1111.300318992248,1084.9393,1105.84905,1206.8015,1135.33452,1155.53296,516,0,1.0,1580.2194352902152,56531,73.41655,54.137104844961165,40.7998,51.17715,122.0448,66.74265,0.04932635658914729,0,0,1.4896,0.18030000000000002,0.204425,1,1,10,66.8977,73.614075,54.213250775193714,40.7998,51.2607,122.0448,0.0,0.0,0.026819573643410848,0,0,1.0057,71.69012999999998,53.998030620155,40.7998,51.52465,108.479,66.48362,0,516,0.0,516,14.423824602603016,,,d41d8cd98f00b204e9800998ecf8427e,572a92ec029029b4b9c772e6bd54fb50,258,0,Login request returned 200,::Login request returned 200,Play request returned 200,::Play request returned 200,81a35480d3fa4312b9306d0c2c265fcb,258.0,0.0,result_100_percent_registered_users10_rampfalse_full.json
100,10,False,login,49.5797,0,0,1.2582477099236642,0,0,,,,,,,2.1605232824427483,0,0,89.0477,0,0,7.3028275107067335,262,10,10,10,1474.0562216649423,52884,3563.1236,70.12799,83.11073,81.84663969465647,41.1558,52.4091,0,0,26.6299,0,0,0.8262206106870228,1084.5782534351144,1041.588,1053.04925,4563.8507,1078.44647,1113.7914150000001,262,0,1.0,1082.7696087057777,38846,83.08318,81.76502213740453,41.1558,52.3274,3563.1236,70.05743,0.047840458015267186,0,0,0.5255,0.19138000000000002,0.23221999999999995,1,1,10,70.12799,83.11073,81.84663969465647,41.1558,52.4091,3563.1236,0.0,0.017289999999999795,0.03377709923664122,0,0,1.0144,83.11073,81.84663969465647,41.1558,52.4091,3563.1236,70.12799,0,262,0.0,262,7.3028275107067335,,,d41d8cd98f00b204e9800998ecf8427e,572a92ec029029b4b9c772e6bd54fb50,262,0,Login request returned 200,::Login request returned 200,,,,,,result_100_percent_registered_users10_rampfalse_login.json
100,10,True,full,48.2613,0,0,0.5117557632398755,0,0,2981.4452,66.8207,74.0923,63.569919314641794,39.3616,51.1698,0.8551035825545171,0,0,79.958,0,0,6.3104824727735265,321,10,10,10,1525.0725819014076,77577,2981.4452,68.39368999999999,76.04165,59.24907975077878,39.3616,51.56,0,0,24.5626,0,0,0.32058146417445477,1120.9138523364484,1085.2333,1106.8457,4034.9629,1136.2091,1150.1547,642,0,1.0,1355.5742022121449,68955,75.86646999999999,59.16802414330218,39.3616,51.5213,2981.4452,68.39368999999999,0.0355919003115265,0,0,1.0355,0.14012999999999992,0.1939299999999999,1,1,10,68.39368999999999,76.04165,59.24907975077878,39.3616,51.56,2981.4452,0.0,0.36555999999999983,0.04546370716510904,0,0,1.0295,76.4441,54.9282401869159,41.0841,51.8722,110.4358,68.525,0,642,0.0,642,12.620964945547053,,,d41d8cd98f00b204e9800998ecf8427e,572a92ec029029b4b9c772e6bd54fb50,321,0,Login request returned 200,::Login request returned 200,Play request returned 200,::Play request returned 200,81a35480d3fa4312b9306d0c2c265fcb,321.0,0.0,result_100_percent_registered_users10_ramptrue_full.json
100,10,True,login,42.6463,0,0,0.9391329411764706,0,0,,,,,,,1.589690294117647,0,0,83.0088,0,0,6.722029339851029,340,10,10,10,1170.9775110020491,59228,200.4213,66.07922,73.40655000000001,54.69441294117646,40.6305,51.8621,0,0,26.2234,0,0,0.5972044117647058,1056.8370941176474,1041.2497,1052.67225,1200.679,1070.46471,1085.08085,340,0,1.0,963.3063457497103,48724,73.40655000000001,54.61793794117645,40.4829,51.7602,200.4213,65.58957000000001,0.041669117647058836,0,0,1.0003,0.18509000000000003,0.199,1,1,10,66.07922,73.40655000000001,54.69441294117646,40.6305,51.8621,200.4213,0.0,0.0,0.034805882352941186,0,0,1.2827,73.40655000000001,54.69441294117646,40.6305,51.8621,200.4213,66.07922,0,340,0.0,340,6.722029339851029,,,d41d8cd98f00b204e9800998ecf8427e,572a92ec029029b4b9c772e6bd54fb50,340,0,Login request returned 200,::Login request returned 200,,,,,,result_100_percent_registered_users10_ramptrue_login.json
100,25,False,full,46.6215,0,0,0.6098565853658537,0,0,5389.9289,64.06956,72.9046,73.73643691056911,39.7402,51.3453,1.0555621951219514,0,0,84.003,0,0,17.204638411918886,615,25,25,25,4701.062539725056,168045,5389.9289,64.71468,74.53325999999998,73.99945829268295,39.7402,51.0263,0,0,28.0858,0,0,0.43108544715447145,1150.8154635772362,1081.5037,1104.5178,6438.3561,1141.27446,1163.15893,1230,0,1.0,3791.1469803981067,135519,74.53325999999998,73.92443707317074,39.7402,51.01175,5389.9289,64.56989000000002,0.04574569105691058,0,0,1.0894,0.16451000000000016,0.20239499999999996,1,1,25,64.71468,74.53325999999998,73.99945829268295,39.7402,51.0263,5389.9289,0.0,0.18661999999999998,0.029275528455284555,0,0,1.179,80.05924999999995,74.26247967479672,40.0969,50.819,4728.8247,65.22378,0,1230,0.0,1230,34.40927682383777,,,d41d8cd98f00b204e9800998ecf8427e,572a92ec029029b4b9c772e6bd54fb50,615,0,Login request returned 200,::Login request returned 200,Play request returned 200,::Play request returned 200,81a35480d3fa4312b9306d0c2c265fcb,615.0,0.0,result_100_percent_registered_users25_rampfalse_full.json
100,25,False,login,52.0616,0,0,1.2196126126126126,0,0,,,,,,,2.0405531531531533,0,0,93.0427,0,0,18.60584768550756,666,25,25,25,3716.643790367199,133038,3481.4108,70.06255,78.292075,61.003606456456374,40.2263,52.6635,0,0,36.5852,0,0,0.7877984984984986,1063.6265512012014,1040.9123,1053.4140499999999,4481.9072,1075.87775,1098.1351750000001,666,0,1.0,2750.648292965577,98460,78.292075,60.91881096096091,40.2263,52.551649999999995,3481.2212,69.72655,0.03895225225225223,0,0,0.9988,0.1749,0.198675,2,2,25,70.06255,78.292075,61.003606456456374,40.2263,52.6635,3481.4108,0.0,0.351725,0.045843243243243244,0,0,1.2461,78.292075,61.003606456456374,40.2263,52.6635,3481.4108,70.06255,0,666,0.0,666,18.60584768550756,,,d41d8cd98f00b204e9800998ecf8427e,572a92ec029029b4b9c772e6bd54fb50,666,0,Login request returned 200,::Login request returned 200,,,,,,result_100_percent_registered_users25_rampfalse_login.json
100,25,True,full,49.5151,0,0,0.3639472571942446,0,0,4435.5623,67.584,75.34969000000002,66.37930611510794,38.4928,52.2742,0.6191998651079137,0,0,122.2647,0,0,13.812620293544962,1112,25,25,25,2968.7941779487473,239006,4435.5623,68.0531,76.126655,70.27010440647483,38.4928,52.2291,0,0,28.0057,0,0,0.23334955035971222,1142.4857303956846,1084.8163,1106.47705,5484.5461,1136.8958499999999,1155.43694,2224,0,1.0,2895.917700194945,233139,76.040665,70.18711272482018,38.4928,52.17725,4435.5623,67.81547,0.04351236510791367,0,0,2.0478,0.14337000000000005,0.195485,2,1,25,68.0531,76.126655,70.27010440647483,38.4928,52.2291,4435.5623,0.0,0.1859549999999996,0.039479316546762566,0,0,1.9432,76.757485,74.16090269784168,40.9871,52.11735,3895.0338,68.39139,0,2224,0.0,2224,27.625240587089923,,,d41d8cd98f00b204e9800998ecf8427e,572a92ec029029b4b9c772e6bd54fb50,1112,0,Login request returned 200,::Login request returned 200,Play request returned 200,::Play request returned 200,81a35480d3fa4312b9306d0c2c265fcb,1112.0,0.0,result_100_percent_registered_users25_ramptrue_full.json
100,25,True,login,47.1127,0,0,0.6697976210705184,0,0,,,,,,,1.1761152931180967,0,0,148.1343,0,0,14.556682216649717,1177,25,25,25,2154.883672642464,174236,3275.2647,66.67814000000001,73.49336000000001,75.60960118946467,38.6886,51.1987,0,0,27.6906,0,0,0.44049558198810534,1077.3467866610029,1039.262,1051.9163,4275.9973,1068.86834,1082.2055599999999,1177,0,1.0,2022.7975502348013,163556,73.3476,75.52762225998295,38.6886,51.1135,3275.0816,66.60938,0.03851104502973663,0,0,1.0544,0.17238,0.19344,2,1,25,66.67814000000001,73.49336000000001,75.60960118946467,38.6886,51.1987,3275.2647,0.0,0.3022600000000005,0.04346788445199662,0,0,1.0255,73.49336000000001,75.60960118946467,38.6886,51.1987,3275.2647,66.67814000000001,0,1177,0.0,1177,14.556682216649717,,,d41d8cd98f00b204e9800998ecf8427e,572a92ec029029b4b9c772e6bd54fb50,1177,0,Login request returned 200,::Login request returned 200,,,,,,result_100_percent_registered_users25_ramptrue_login.json
100,35,False,full,49.7046,0,0,0.6199555239179955,0,0,587.0019,67.11913000000001,73.87112499999999,55.98396526195897,40.8353,52.5236,1.0405506264236901,0,0,86.9861,0,0,24.841197833053084,878,35,35,35,6706.7273138199325,237046,3780.2404,67.71405,76.1948,61.95156571753999,40.2896,52.48945,0,0,27.3299,0,0,0.41213923690205007,1126.7228136674266,1085.0214,1107.975,4828.4207,1140.6887199999999,1159.1689549999999,1756,0,1.0,5463.6205835342225,193109,76.1283,61.863904498861196,40.2701,52.443200000000004,3780.2404,67.6176,0.04734253986332574,0,0,1.453,0.15645,0.207575,1,1,35,67.71405,76.1948,61.95156571753999,40.2896,52.48945,3780.2404,0.0,0.3267,0.04031867881548975,0,0,1.5199,76.73719,67.91916617312063,40.2896,52.4118,3780.2404,68.21590000000003,0,1756,0.0,1756,49.68239566610617,,,d41d8cd98f00b204e9800998ecf8427e,572a92ec029029b4b9c772e6bd54fb50,878,0,Login request returned 200,::Login request returned 200,Play request returned 200,::Play request returned 200,81a35480d3fa4312b9306d0c2c265fcb,878.0,0.0,result_100_percent_registered_users35_rampfalse_full.json
100,35,False,login,51.496,0,0,1.2018924731182796,0,0,,,,,,,2.070504193548386,0,0,135.8544,0,0,26.48370176334381,930,35,35,35,5300.641715186588,186137,2689.79,66.85678999999999,75.94919999999999,58.638394838709644,40.1267,51.79445,0,0,27.6136,0,0,0.8031787096774196,1061.3082061290347,1040.1641,1052.6008499999998,3690.1985,1073.724,1095.6725299999998,930,0,1.0,3914.0917809315233,137447,75.6212,58.54835215053766,40.1267,51.720749999999995,2689.79,66.85678999999999,0.03910505376344087,0,0,1.0005,0.18112,0.20492999999999997,2,2,35,66.85678999999999,75.94919999999999,58.638394838709644,40.1267,51.79445,2689.79,0.0,0.43766999999999984,0.05093763440860212,0,0,1.4938,75.94919999999999,58.638394838709644,40.1267,51.79445,2689.79,66.85678999999999,0,930,0.0,930,26.48370176334381,,,d41d8cd98f00b204e9800998ecf8427e,572a92ec029029b4b9c772e6bd54fb50,930,0,Login request returned 200,::Login request returned 200,,,,,,result_100_percent_registered_users35_rampfalse_login.json
100,35,True,full,50.8531,0,0,0.29462977200424173,0,0,4554.8455,68.00989999999999,75.86574999999999,67.03387492046676,37.8521,52.15115,0.48819602332979845,0,0,86.7733,0,0,18.674895019488574,1886,35,35,35,3767.189732157734,380453,4554.8455,68.34326,77.44611499999998,63.1236605514316,37.8521,52.0025,0,0,26.9386,0,0,0.188276802757158,1127.91704888653,1084.4277,1106.3368,5605.5303,1137.6958,1158.470275,3772,0,1.0,3872.8127995876835,391120,77.31133499999999,63.04679013785792,37.7662,51.9657,4554.8455,68.34326,0.0420631230116649,0,0,1.469,0.12755000000000002,0.19543499999999994,3,1,35,68.34326,77.44611499999998,63.1236605514316,37.8521,52.0025,4554.8455,0.0,0.14133999999999977,0.03480729056203607,0,0,1.4949,80.50460000000001,59.21344618239661,37.9618,51.8981,2319.0948,68.7379,0,3772,0.0,3772,37.34979003897715,,,d41d8cd98f00b204e9800998ecf8427e,572a92ec029029b4b9c772e6bd54fb50,1886,0,Login request returned 200,::Login request returned 200,Play request returned 200,::Play request returned 200,81a35480d3fa4312b9306d0c2c265fcb,1886.0,0.0,result_100_percent_registered_users35_ramptrue_full.json
100,35,True,login,52.0234,0,0,0.5803181954137587,0,0,,,,,,,0.95552073778664,0,0,91.6206,0,0,20.052971694109846,2006,35,35,35,2720.6464487881035,272160,4645.6361,65.3532,70.849925,56.21592337986044,38.7043,51.3572,0,0,27.0833,0,0,0.36414745762711875,1057.7644965603204,1039.6605,1052.0235,5646.4281,1067.0506,1075.148075,2006,0,1.0,2744.7080155217636,274567,70.81687500000001,56.132856580259244,38.7043,51.28735,4645.6361,65.3532,0.036543569292123636,0,0,1.0002,0.1765,0.19845000000000002,1,1,35,65.3532,70.849925,56.21592337986044,38.7043,51.3572,4645.6361,0.0,0.3776,0.04652323030907281,0,0,1.2609,70.849925,56.21592337986044,38.7043,51.3572,4645.6361,65.3532,0,2006,0.0,2006,20.052971694109846,,,d41d8cd98f00b204e9800998ecf8427e,572a92ec029029b4b9c772e6bd54fb50,2006,0,Login request returned 200,::Login request returned 200,,,,,,result_100_percent_registered_users35_ramptrue_login.json
100,50,False,full,51.0934,0,0,0.6488224333063864,0,0,2118.2156,67.29688000000002,78.09356,61.8450860953921,40.3888,51.3169,1.0827934518997575,0,0,85.6722,0,0,34.718427671623076,1237,50,50,50,9447.650388588037,336615,3010.5216,67.89168000000001,78.03680499999999,67.42263003233622,39.4473,51.74125,0,0,26.2262,0,0,0.4276647534357316,1137.7150223928886,1084.4033,1106.468,4066.983,1145.3868,1166.77724,2474,0,1.0,7645.8004790564855,272416,78.03680499999999,67.32755573969283,39.4473,51.6764,3010.5216,67.77596000000007,0.047744502829426036,0,0,1.7698,0.12114000000000033,0.21897499999999995,2,2,50,67.89168000000001,78.03680499999999,67.42263003233622,39.4473,51.74125,3010.5216,0.0,0.39889999999999964,0.0473297898140663,0,0,1.4898,77.54874000000001,73.00017396928038,39.4473,52.2074,3010.5216,68.32136000000001,0,2474,0.0,2474,69.43685534324615,,,d41d8cd98f00b204e9800998ecf8427e,572a92ec029029b4b9c772e6bd54fb50,1237,0,Login request returned 200,::Login request returned 200,Play request returned 200,::Play request returned 200,81a35480d3fa4312b9306d0c2c265fcb,1237.0,0.0,result_100_percent_registered_users50_rampfalse_full.json
100,50,False,login,48.3477,0,0,1.2265975478927202,0,0,,,,,,,2.0940096551724134,0,0,119.9191,0,0,36.924183068435944,1305,50,50,50,7472.096522179952,264084,3991.1545,69.88130000000001,80.75919999999999,77.37891639846747,40.7842,52.47,0,0,26.9476,0,0,0.8263295785440611,1080.0764553256704,1041.2067,1053.456,4991.4386,1076.94764,1103.54578,1305,0,1.0,5471.796103631181,193388,80.62856,77.30473908045974,40.6325,52.3636,3990.1557,69.88130000000001,0.04221785440613025,0,0,1.9265,0.18036000000000002,0.20898,4,4,50,69.88130000000001,80.75919999999999,77.37891639846747,40.7842,52.47,3991.1545,0.0,0.10343999999999996,0.03195946360153257,0,0,1.004,80.75919999999999,77.37891639846747,40.7842,52.47,3991.1545,69.88130000000001,0,1305,0.0,1305,36.924183068435944,,,d41d8cd98f00b204e9800998ecf8427e,572a92ec029029b4b9c772e6bd54fb50,1305,0,Login request returned 200,::Login request returned 200,,,,,,result_100_percent_registered_users50_rampfalse_login.json
100,50,True,full,46.6847,0,0,0.23799627088305497,0,0,4373.5169,64.53621,71.89848999999998,63.65061258949872,40.1702,50.6488,0.3991332040572792,0,0,82.6498,0,0,25.65375115987654,3352,50,50,50,4887.391646240894,638602,4645.9231,64.59944999999999,71.992785,66.00872422434375,39.6293,50.7913,0,0,28.2015,0,0,0.15849940334128873,1133.5307681384263,1081.4676,1103.8034499999999,5696.1689,1129.34761,1147.7637499999998,6704,0,1.0,5265.562531104551,688015,71.95170999999998,65.92727577565651,39.5626,50.71055,4645.9231,64.54232999999999,0.04433861873508349,0,0,1.5605,0.129,0.19935499999999984,4,1,50,64.59944999999999,71.992785,66.00872422434375,39.6293,50.7913,4645.9231,0.0,0.1893049999999982,0.03710982995226729,0,0,1.5205,72.22957499999998,68.36683585918846,39.6293,50.91945,4645.9231,64.70707000000002,0,6704,0.0,6704,51.30750231975308,,,d41d8cd98f00b204e9800998ecf8427e,572a92ec029029b4b9c772e6bd54fb50,3352,0,Login request returned 200,::Login request returned 200,Play request returned 200,::Play request returned 200,81a35480d3fa4312b9306d0c2c265fcb,3352.0,0.0,result_100_percent_registered_users50_ramptrue_full.json
100,50,True,login,48.4348,0,0,0.46148209374122934,0,0,,,,,,,0.764486921133876,0,0,77.0424,0,0,27.279232429682587,3563,50,50,50,3403.932175715613,444595,4428.0404,66.64696,75.56096,61.981883553185526,39.5925,51.6226,0,0,28.0676,0,0,0.2983136121246141,1063.3189117597499,1039.8892,1052.2607,5430.2921,1068.61536,1079.35626,3563,0,1.0,3681.318252316062,480825,75.55223999999998,61.90993435307311,39.0655,51.5223,4428.0404,66.58096000000002,0.0354561886051081,0,0,0.9998,0.17328000000000002,0.19667999999999994,5,1,50,66.64696,75.56096,61.981883553185526,39.5925,51.6226,4428.0404,0.0,0.13787999999999265,0.03649301150715691,0,0,1.5214,75.56096,61.981883553185526,39.5925,51.6226,4428.0404,66.64696,0,3563,0.0,3563,27.279232429682587,,,d41d8cd98f00b204e9800998ecf8427e,572a92ec029029b4b9c772e6bd54fb50,3563,0,Login request returned 200,::Login request returned 200,,,,,,result_100_percent_registered_users50_ramptrue_login.json
25,10,False,full,51.5502,0,0,0.6921986220472441,0,0,2145.403,66.64169,75.96887499999998,63.24925078740151,39.1427,49.788399999999996,1.1320478346456693,0,0,88.0443,0,0,7.160056742829524,254,10,10,10,1912.6653939280554,67851,2145.403,66.44005,74.47326,58.48294763779529,39.1427,50.215149999999994,0,0,22.6252,0,0,0.4115275590551181,1119.9341633858276,1083.8244,1103.9773500000001,3230.0079,1137.8814399999999,1155.149365,508,0,1.0,1560.3849643408878,55354,74.24727499999999,58.39344055118112,39.1427,50.1445,2145.403,66.03280000000001,0.05695984251968504,0,0,1.0382,0.16629,0.20555999999999994,1,1,10,66.44005,74.47326,58.48294763779529,39.1427,50.215149999999994,2145.403,0.0,0.18635499999999858,0.03254724409448819,0,0,1.0241,73.5128,53.716644488189,39.4365,50.8225,92.674,65.45593000000001,0,508,0.0,508,14.320113485659048,,,d41d8cd98f00b204e9800998ecf8427e,572a92ec029029b4b9c772e6bd54fb50,254,0,Login request returned 200,::Login request returned 200,Play request returned 200,::Play request returned 200,81a35480d3fa4312b9306d0c2c265fcb,254.0,0.0,result_25_percent_registered_users10_rampfalse_full.json
25,10,False,login,47.5728,0,0,1.3047464150943395,0,0,,,,,,,2.177924528301887,0,0,82.3819,0,0,7.392901779843056,265,10,10,10,1481.6491076508103,53110,3256.8428,66.30651999999999,76.9841,72.70562264150944,39.6594,51.5252,0,0,26.6781,0,0,0.8197400000000001,1075.4414739622637,1039.7795,1052.4245,4258.0121,1074.7992399999998,1104.5878,265,0,1.0,1080.786444727924,38741,76.9841,72.63302981132077,39.6594,51.5159,3256.8428,66.21802,0.04358415094339623,0,0,0.5044,0.18286,0.19044,1,1,10,66.30651999999999,76.9841,72.70562264150944,39.6594,51.5252,3256.8428,0.0,0.009039999999999807,0.02900867924528302,0,0,1.0239,76.9841,72.70562264150944,39.6594,51.5252,3256.8428,66.30651999999999,0,265,0.0,265,7.392901779843056,,,d41d8cd98f00b204e9800998ecf8427e,572a92ec029029b4b9c772e6bd54fb50,265,0,Login request returned 200,::Login request returned 200,,,,,,result_25_percent_registered_users10_rampfalse_login.json
25,10,True,full,46.6908,0,0,0.5275078864353312,0,0,3425.4925,64.02404,76.485,64.55033627760251,39.7982,49.7961,0.8698324921135646,0,0,80.3554,0,0,6.212183772214515,317,10,10,10,1503.916779908702,76743,3425.4925,66.49243,76.989875,70.32984652996848,39.5433,49.9616,0,0,24.4818,0,0,0.32023028391167185,1143.1273593059939,1080.9479,1102.4742,4477.3071,1137.34266,1163.25598,634,0,1.0,1324.429741518441,67584,76.86514000000001,70.23852854889591,39.5433,49.7868,3425.4925,66.49243,0.04390835962145112,0,0,1.2758,0.13019000000000008,0.18135500000000004,1,1,10,66.49243,76.989875,70.32984652996848,39.5433,49.9616,3425.4925,0.0,0.35348500000000027,0.04740962145110409,0,0,1.0227,77.45192,76.10935678233437,39.5433,50.1477,3393.6701,67.51442,0,634,0.0,634,12.42436754442903,,,d41d8cd98f00b204e9800998ecf8427e,572a92ec029029b4b9c772e6bd54fb50,317,0,Login request returned 200,::Login request returned 200,Play request returned 200,::Play request returned 200,81a35480d3fa4312b9306d0c2c265fcb,317.0,0.0,result_25_percent_registered_users10_ramptrue_full.json
25,10,True,login,49.1193,0,0,0.9551569767441861,0,0,,,,,,,1.5968424418604652,0,0,80.4091,0,0,6.765671677357202,344,10,10,10,1171.070897339767,59543,122.185,63.212129999999995,71.00301499999995,52.69357441860466,39.9653,50.4767,0,0,26.1055,0,0,0.5980002906976744,1054.8533552325587,1040.5884,1051.1689999999999,1140.9983,1067.05972,1081.65077,344,0,1.0,954.4907330634371,48531,71.00301499999995,52.60856191860464,39.9653,50.364149999999995,122.0442,63.212129999999995,0.03679651162790699,0,0,0.5274,0.17668,0.19024999999999997,1,1,10,63.212129999999995,71.00301499999995,52.69357441860466,39.9653,50.4767,122.185,0.0,0.3117099999999995,0.048215988372093024,0,0,1.0405,71.00301499999995,52.69357441860466,39.9653,50.4767,122.185,63.212129999999995,0,344,0.0,344,6.765671677357202,,,d41d8cd98f00b204e9800998ecf8427e,572a92ec029029b4b9c772e6bd54fb50,344,0,Login request returned 200,::Login request returned 200,,,,,,result_25_percent_registered_users10_ramptrue_login.json
25,25,False,full,49.0851,0,0,0.650006289308176,0,0,138.9767,64.17605,71.1472,52.87225361635221,38.8481,50.2376,1.0728141509433962,0,0,87.4093,0,0,17.65275193399012,636,25,25,25,4725.5528738515,170254,1274.0623,64.92789,73.173175,55.0358751572327,38.8481,50.3735,0,0,26.6207,0,0,0.4121033805031447,1112.9101132075473,1084.4292,1103.3348,2387.0754,1135.4785000000002,1152.399975,1272,0,1.0,3846.662323553077,138589,73.16305,54.948403223270454,38.8481,50.2997,1274.0623,64.85851000000001,0.04435668238993711,0,0,1.4654,0.12688000000000002,0.19159,1,1,25,64.92789,73.173175,55.0358751572327,38.8481,50.3735,1274.0623,0.0,0.3511750000000002,0.04311525157232705,0,0,1.0322,74.50389999999999,57.19949669811321,39.7317,50.6512,1274.0623,66.78665,0,1272,0.0,1272,35.30550386798024,,,d41d8cd98f00b204e9800998ecf8427e,572a92ec029029b4b9c772e6bd54fb50,636,0,Login request returned 200,::Login request returned 200,Play request returned 200,::Play request returned 200,81a35480d3fa4312b9306d0c2c265fcb,636.0,0.0,result_25_percent_registered_users25_rampfalse_full.json
25,25,False,login,47.573,0,0,1.2133699551569508,0,0,,,,,,,2.0078171898355754,0,0,82.4953,0,0,18.673840354095315,669,25,25,25,3721.565191166616,133327,204.3271,68.54114000000003,78.43498000000001,54.389959641255594,39.757,50.576,0,0,24.828,0,0,0.7718315396113602,1056.9426599402098,1040.4031,1051.1768,1204.8118,1072.383,1095.81168,669,0,1.0,2728.1392147805886,97737,78.30562000000002,54.314689686098646,39.757,50.403,204.3271,68.19808000000002,0.03247354260089685,0,0,0.5757,0.14524000000000004,0.17470000000000002,3,3,25,68.54114000000003,78.43498000000001,54.389959641255594,39.757,50.576,204.3271,0.0,0.3335000000000001,0.0427964125560538,0,0,1.0287,78.43498000000001,54.389959641255594,39.757,50.576,204.3271,68.54114000000003,0,669,0.0,669,18.673840354095315,,,d41d8cd98f00b204e9800998ecf8427e,572a92ec029029b4b9c772e6bd54fb50,669,0,Login request returned 200,::Login request returned 200,,,,,,result_25_percent_registered_users25_rampfalse_login.json
25,25,True,full,48.9689,0,0,0.3668028150134048,0,0,4535.4162,62.53624000000001,68.35721999999998,61.37115120643436,38.4067,49.9357,0.6584569705093835,0,0,191.7217,0,0,13.930335562052159,1119,25,25,25,2965.3812799133802,238204,5091.2266,64.16179,71.86480500000002,65.94913069705095,38.4067,50.0028,0,0,25.9868,0,0,0.23570446827524572,1133.9111991063428,1082.3021,1101.9402,6144.3109,1128.09854,1148.83862,2238,0,1.0,2892.032274433835,232312,71.80331,65.86625567470942,38.4067,49.94675,5090.7717,64.07227999999999,0.04283963360142988,0,0,1.4507,0.13382,0.18626000000000004,2,1,25,64.16179,71.86480500000002,65.94913069705095,38.4067,50.0028,5091.2266,0.0,0.2892500000000001,0.04003538873994638,0,0,1.0436,74.37101999999996,70.52711018766759,38.6714,50.0967,5091.2266,67.15362,0,2238,0.0,2238,27.860671124104318,,,d41d8cd98f00b204e9800998ecf8427e,572a92ec029029b4b9c772e6bd54fb50,1119,0,Login request returned 200,::Login request returned 200,Play request returned 200,::Play request returned 200,81a35480d3fa4312b9306d0c2c265fcb,1119.0,0.0,result_25_percent_registered_users25_ramptrue_full.json
25,25,True,login,47.4979,0,0,0.7010141659681475,0,0,,,,,,,1.1485186085498744,0,0,84.0294,0,0,14.752753350999505,1193,25,25,25,2167.900410698846,175310,4050.6674,65.82852,72.35419999999992,61.37403973176878,39.5065,50.0345,0,0,33.9623,0,0,0.4349619446772841,1063.1047154233033,1040.0141,1050.8296,5051.6242,1068.2648800000002,1077.26188,1193,0,1.0,2014.1403644571628,162876,72.35419999999992,61.30094031852479,39.5065,49.9486,4050.6674,65.778,0.03466630343671417,0,0,1.0005,0.14604,0.17941999999999983,1,1,25,65.82852,72.35419999999992,61.37403973176878,39.5065,50.0345,4050.6674,0.0,0.31205999999999734,0.03843310980720871,0,0,1.2784,72.35419999999992,61.37403973176878,39.5065,50.0345,4050.6674,65.82852,0,1193,0.0,1193,14.752753350999505,,,d41d8cd98f00b204e9800998ecf8427e,572a92ec029029b4b9c772e6bd54fb50,1193,0,Login request returned 200,::Login request returned 200,,,,,,result_25_percent_registered_users25_ramptrue_login.json
25,35,False,full,47.0187,0,0,0.6255869686800896,0,0,183.4966,63.63953,70.37899999999996,52.832417785234945,39.8529,50.49005,1.0642511185682326,0,0,77.5419,0,0,25.177731904801394,894,35,35,35,6701.557464361209,237956,249.0528,64.21148,71.51916,53.46284423937358,39.8292,50.60635,0,0,26.9931,0,0,0.43014356823266214,1109.7865825503368,1081.601,1103.5189,1300.7573,1131.91671,1155.1386499999999,1788,0,1.0,5476.691786504808,194464,71.51594,53.374172259507795,39.8292,50.43255,248.9267,64.0933,0.04940766219239373,0,0,1.4214,0.13713,0.19804999999999987,3,3,35,64.21148,71.51916,53.46284423937358,39.8292,50.60635,249.0528,0.0,0.30714999999999903,0.03926431767337807,0,0,1.0974,73.99472999999993,54.09327069351237,39.8292,50.68745,249.0528,64.5548,0,1788,0.0,1788,50.35546380960279,,,d41d8cd98f00b204e9800998ecf8427e,572a92ec029029b4b9c772e6bd54fb50,894,0,Login request returned 200,::Login request returned 200,Play request returned 200,::Play request returned 200,81a35480d3fa4312b9306d0c2c265fcb,894.0,0.0,result_25_percent_registered_users35_rampfalse_full.json
25,35,False,login,49.0213,0,0,1.2185461794019932,0,0,,,,,,,2.0796308970099666,0,0,106.2676,0,0,25.617188133514762,903,35,35,35,5216.885043881023,183894,5017.4614,66.6777,75.57840999999999,89.9549820598007,40.5242,50.9706,0,0,26.6784,0,0,0.8197768549280176,1092.6386203765232,1040.7782,1051.6987,6017.8313,1070.86226,1100.81303,903,0,1.0,3750.9464175119842,132220,75.57840999999999,89.8726005537099,40.5008,50.8161,5017.3175,66.60988,0.0403544850498339,0,0,0.5915,0.15838000000000002,0.18000999999999992,4,4,35,66.6777,75.57840999999999,89.9549820598007,40.5242,50.9706,5017.4614,0.0,0.35110999999999964,0.042027021040974534,0,0,1.1743,75.57840999999999,89.9549820598007,40.5242,50.9706,5017.4614,66.6777,0,903,0.0,903,25.617188133514762,,,d41d8cd98f00b204e9800998ecf8427e,572a92ec029029b4b9c772e6bd54fb50,903,0,Login request returned 200,::Login request returned 200,,,,,,result_25_percent_registered_users35_rampfalse_login.json
25,35,True,full,49.9358,0,0,0.2985451918024172,0,0,2604.6855,63.39844,70.39370999999998,54.439054387808774,38.247,49.9941,0.4935846558066211,0,0,89.3298,0,0,18.89509788181981,1903,35,35,35,3777.0635415333163,380403,4395.7456,64.04235,71.759725,57.010645165528175,38.247,50.20505,0,0,27.2322,0,0,0.18972861271676303,1115.6964884393058,1082.5631,1102.3815,5442.4343,1130.06172,1150.46331,3806,0,1.0,3877.8936618643097,390558,71.69375,56.93545959012091,38.247,50.1011,4395.7456,63.91735,0.03869640042038877,0,0,1.3791,0.11875,0.179875,1,1,35,64.04235,71.759725,57.010645165528175,38.247,50.20505,4395.7456,0.0,0.243025,0.03648917498686285,0,0,1.4982,72.49318999999998,59.58223594324755,39.6308,50.4649,4395.7456,64.8799,0,3806,0.0,3806,37.79019576363962,,,d41d8cd98f00b204e9800998ecf8427e,572a92ec029029b4b9c772e6bd54fb50,1903,0,Login request returned 200,::Login request returned 200,Play request returned 200,::Play request returned 200,81a35480d3fa4312b9306d0c2c265fcb,1903.0,0.0,result_25_percent_registered_users35_ramptrue_full.json
25,35,True,login,48.756,0,0,0.5648866133866134,0,0,,,,,,,0.9352639860139857,0,0,82.9018,0,0,19.839836409707253,2002,35,35,35,2693.609597908741,271807,4170.1765,66.4312,75.26487,61.20593806193789,40.0688,50.72465,0,0,24.63,0,0,0.36255179820179834,1062.6920034965033,1040.2914,1051.30465,5170.2178,1068.63672,1082.18469,2002,0,1.0,2677.3869144908135,270170,75.26487,61.13915194805178,39.9138,50.6834,4170.1765,66.4312,0.03115269730269732,0,0,1.0007,0.14605000000000004,0.17828499999999994,3,1,35,66.4312,75.26487,61.20593806193789,40.0688,50.72465,4170.1765,0.0,0.19686499999999915,0.03563341658341659,0,0,1.0408,75.26487,61.20593806193789,40.0688,50.72465,4170.1765,66.4312,0,2002,0.0,2002,19.839836409707253,,,d41d8cd98f00b204e9800998ecf8427e,572a92ec029029b4b9c772e6bd54fb50,2002,0,Login request returned 200,::Login request returned 200,,,,,,result_25_percent_registered_users35_ramptrue_login.json
25,50,False,full,47.7557,0,0,0.6264781767955802,0,0,240.929,63.438660000000006,70.72131,53.02583512233624,39.8333,50.5433,1.0461462115232831,0,0,87.3824,0,0,35.65326592751828,1267,50,50,50,9573.028531133506,340194,240.929,63.79595000000001,71.05626,53.179171033938395,39.8333,50.5792,0,0,30.0145,0,0,0.41092868981846864,1109.1639525651142,1082.3126,1103.3951,1290.4366,1130.86948,1154.47143,2534,0,1.0,7768.444244893712,276065,71.008675,53.09512198105759,39.0085,50.49785,240.929,63.69923,0.03362746645619572,0,0,1.3458,0.08040000000000026,0.14150999999999994,2,2,50,63.79595000000001,71.05626,53.179171033938395,39.8333,50.5792,240.929,0.1749100000000009,0.3937149999999999,0.05042158642462508,0,0,1.4491,71.67497,53.332506945540665,40.3583,50.6032,181.8087,64.20478,0,2534,0.0,2534,71.30653185503655,,,d41d8cd98f00b204e9800998ecf8427e,572a92ec029029b4b9c772e6bd54fb50,1267,0,Login request returned 200,::Login request returned 200,Play request returned 200,::Play request returned 200,81a35480d3fa4312b9306d0c2c265fcb,1267.0,0.0,result_25_percent_registered_users50_rampfalse_full.json
25,50,False,login,50.6256,0,0,1.2101677004538578,0,0,,,,,,,2.025884190620273,0,0,133.3445,0,0,36.68921863942412,1322,50,50,50,7359.435416312564,265178,4157.3509,65.27118,75.86163000000002,62.559371558245026,40.0229,50.83735,0,0,27.5777,0,0,0.7716624810892587,1065.1770024205728,1040.1862,1051.7436,5157.7859,1070.07106,1097.4091950000002,1322,0,1.0,5362.0654726821895,193208,75.85916000000002,62.500489258698884,40.0229,50.7786,4157.3509,65.27118,0.019614826021180032,0,0,0.5341,0.10886000000000004,0.13939000000000001,1,1,50,65.27118,75.86163000000002,62.559371558245026,40.0229,50.83735,4157.3509,0.0,0.3435450000000003,0.039267473524962175,0,0,1.2681,75.86163000000002,62.559371558245026,40.0229,50.83735,4157.3509,65.27118,0,1322,0.0,1322,36.68921863942412,,,d41d8cd98f00b204e9800998ecf8427e,572a92ec029029b4b9c772e6bd54fb50,1322,0,Login request returned 200,::Login request returned 200,,,,,,result_25_percent_registered_users50_rampfalse_login.json
25,50,True,full,48.5629,0,0,0.24631672180451136,0,0,5973.48,66.00236,74.46888,65.23634757894746,39.9621,51.2174,0.4048472030075187,0,0,81.1417,0,0,25.451638716656817,3325,50,50,50,4820.792975664922,629788,6041.1127,66.33864,74.468105,70.39976163909758,39.1361,51.331199999999995,0,0,27.9127,0,0,0.15614959398496245,1142.3148245413545,1082.7367,1104.9295,7115.6163,1132.41482,1149.38244,6650,0,1.0,5170.6783753941445,675497,74.41586499999991,70.32620366917276,38.9657,51.2652,6041.1127,66.29102,0.03641606015037594,0,0,2.2283,0.1108,0.16475499999999993,2,1,50,66.33864,74.468105,70.39976163909758,39.1361,51.331199999999995,6041.1127,0.0,0.28019999999999856,0.037141909774436085,0,0,1.5075,74.33886,75.56317569924789,39.1361,51.4554,6041.1127,66.5382,0,6650,0.0,6650,50.90327743331363,,,d41d8cd98f00b204e9800998ecf8427e,572a92ec029029b4b9c772e6bd54fb50,3325,0,Login request returned 200,::Login request returned 200,Play request returned 200,::Play request returned 200,81a35480d3fa4312b9306d0c2c265fcb,3325.0,0.0,result_25_percent_registered_users50_ramptrue_full.json
25,50,True,login,48.7096,0,0,0.4483274669665449,0,0,,,,,,,0.7439454034298564,0,0,84.4716,0,0,27.25941419062154,3557,50,50,50,3401.280569109987,443823,4299.3334,67.59438,75.46391999999997,63.63366193421425,39.6249,51.1711,0,0,26.5244,0,0,0.29050312060725325,1064.9512099803198,1039.9376,1051.8476,5299.6814,1069.56776,1080.3979,3557,0,1.0,3624.6974096776535,472976,75.35811999999997,63.57465136350856,39.6249,51.0901,4299.3334,67.52526,0.026097048074219833,0,0,1.0024,0.12228000000000001,0.159,3,1,50,67.59438,75.46391999999997,63.63366193421425,39.6249,51.1711,4299.3334,0.0,0.20249999999999954,0.032913522631430984,0,0,1.4083,75.46391999999997,63.63366193421425,39.6249,51.1711,4299.3334,67.59438,0,3557,0.0,3557,27.25941419062154,,,d41d8cd98f00b204e9800998ecf8427e,572a92ec029029b4b9c772e6bd54fb50,3557,0,Login request returned 200,::Login request returned 200,,,,,,result_25_percent_registered_users50_ramptrue_login.json
50,10,False,full,49.9466,0,0,0.6576261627906976,0,0,111.9067,66.08101,72.78298999999998,53.01295581395349,40.738,49.65535,1.1048498062015504,0,0,91.7373,0,0,6.4447390145358066,258,10,10,10,1716.9983755935395,68736,4560.1112,65.19745,72.5564,61.51380542635652,39.9639,49.573499999999996,0,0,25.5363,0,0,0.4110813953488372,1125.9576903100767,1083.6264,1102.1825,5612.2569,1132.3141400000002,1152.6897299999998,516,0,1.0,1407.6758825044042,56353,72.359075,61.42412655038753,39.7824,49.499300000000005,4560.1112,65.08815,0.04794147286821706,0,0,1.4252,0.1591,0.19455,1,1,10,65.19745,72.5564,61.51380542635652,39.9639,49.573499999999996,4560.1112,0.0,0.262975,0.04173740310077519,0,0,1.0287,69.07483999999991,70.01465503875974,39.9639,49.4399,4560.1112,63.166840000000015,0,516,0.0,516,12.889478029071613,,,d41d8cd98f00b204e9800998ecf8427e,572a92ec029029b4b9c772e6bd54fb50,258,0,Login request returned 200,::Login request returned 200,Play request returned 200,::Play request returned 200,81a35480d3fa4312b9306d0c2c265fcb,258.0,0.0,result_50_percent_registered_users10_rampfalse_full.json
50,10,False,login,45.6776,0,0,1.2603716417910447,0,0,,,,,,,2.101972014925373,0,0,83.5163,0,0,7.476073531032797,268,10,10,10,1488.324444407436,53353,1218.9088,67.35095,71.93331999999998,58.64497462686569,39.5496,50.8992,0,0,23.6979,0,0,0.7824858208955224,1061.3213854477617,1040.7531,1051.7395999999999,2220.2898,1070.44696,1099.26295,268,0,1.0,1096.2490209795778,39298,71.93331999999998,58.57728283582093,39.5496,50.8052,1218.9088,67.17743,0.029353731343283583,0,0,0.5427,0.16542,0.18577499999999997,1,1,10,67.35095,71.93331999999998,58.64497462686569,39.5496,50.8992,1218.9088,0.0,0.18759499999999876,0.03833805970149254,0,0,1.0274,71.93331999999998,58.64497462686569,39.5496,50.8992,1218.9088,67.35095,0,268,0.0,268,7.476073531032797,,,d41d8cd98f00b204e9800998ecf8427e,572a92ec029029b4b9c772e6bd54fb50,268,0,Login request returned 200,::Login request returned 200,,,,,,result_50_percent_registered_users10_rampfalse_login.json
50,10,True,full,46.0793,0,0,0.5674601307189543,0,0,5334.4759,72.33664999999999,79.310625,101.03938856209146,40.2764,50.94705,0.9657163398692811,0,0,87.2415,0,0,6.004769128930882,306,10,10,10,1481.706217706484,75507,5334.4759,72.23268999999999,80.77647999999998,87.02665800653592,40.2764,51.5516,0,0,31.3844,0,0,0.3669656862745098,1176.6127950980394,1084.1484,1106.60815,6389.8596,1145.19015,1174.180725,612,0,1.0,1287.8659907274669,65629,80.77647999999998,86.92526045751637,40.2764,51.3527,5334.4759,72.23268999999999,0.04907614379084968,0,0,1.0425,0.14456,0.19974499999999987,1,1,10,72.23268999999999,80.77647999999998,87.02665800653592,40.2764,51.5516,5334.4759,0.0,0.40407999999999955,0.05232140522875818,0,0,1.1158,82.487875,73.01392745098033,40.5213,51.697900000000004,3149.002,71.189,0,612,0.0,612,12.009538257861765,,,d41d8cd98f00b204e9800998ecf8427e,572a92ec029029b4b9c772e6bd54fb50,306,0,Login request returned 200,::Login request returned 200,Play request returned 200,::Play request returned 200,81a35480d3fa4312b9306d0c2c265fcb,306.0,0.0,result_50_percent_registered_users10_ramptrue_full.json
50,10,True,login,48.0764,0,0,0.9569146627565983,0,0,,,,,,,1.611775366568915,0,0,84.1318,0,0,6.7500735579863385,341,10,10,10,1174.2554649070603,59321,226.1419,64.7364,70.2898,53.45385747800586,40.6336,50.8548,0,0,26.1004,0,0,0.6137727272727272,1055.6143941348978,1041.4473,1051.4891,1226.2468,1067.8487,1079.9443,341,0,1.0,961.2025566824065,48558,70.2898,53.38317008797655,40.6336,50.7202,225.9673,64.7364,0.032053372434017596,0,0,0.6161,0.1739,0.186,1,1,10,64.7364,70.2898,53.45385747800586,40.6336,50.8548,226.1419,0.0,0.0209,0.03863401759530792,0,0,1.0443,70.2898,53.45385747800586,40.6336,50.8548,226.1419,64.7364,0,341,0.0,341,6.7500735579863385,,,d41d8cd98f00b204e9800998ecf8427e,572a92ec029029b4b9c772e6bd54fb50,341,0,Login request returned 200,::Login request returned 200,,,,,,result_50_percent_registered_users10_ramptrue_login.json
50,25,False,full,48.7098,0,0,0.6580151442307693,0,0,2303.447,66.08614,71.02478500000001,57.62121810897441,39.4941,51.32535,1.092755689102564,0,0,82.1604,0,0,17.434129430630446,624,25,25,25,4777.035281922697,170979,3444.2465,66.79392,73.23090999999997,66.66900024038459,39.4811,51.0376,0,0,28.6647,0,0,0.42280697115384613,1136.276330608974,1083.7469,1105.00155,4488.3791,1138.67394,1163.263915,1248,0,1.0,3821.399123196281,136775,72.80682999999999,66.58855024038458,39.4811,50.90105,3444.0642,66.79392,0.03973253205128204,0,0,1.0578,0.12906999999999996,0.19,3,3,25,66.79392,73.23090999999997,66.66900024038459,39.4811,51.0376,3444.2465,0.0,0.28742999999999536,0.04071746794871793,0,0,1.0183,78.06750500000003,75.71678237179484,39.4811,50.67385,3444.2465,67.24655,0,1248,0.0,1248,34.86825886126089,,,d41d8cd98f00b204e9800998ecf8427e,572a92ec029029b4b9c772e6bd54fb50,624,0,Login request returned 200,::Login request returned 200,Play request returned 200,::Play request returned 200,81a35480d3fa4312b9306d0c2c265fcb,624.0,0.0,result_50_percent_registered_users25_rampfalse_full.json
50,25,False,login,45.0207,0,0,1.2034332330827067,0,0,,,,,,,2.0480013533834587,0,0,81.8398,0,0,18.48154590544338,665,25,25,25,3695.781136919949,132981,142.4525,66.08402,72.06414,53.409789323308225,40.035,50.5193,0,0,27.9321,0,0,0.819654135338346,1056.0161332330827,1040.2235,1051.2586,1142.8533,1071.31292,1090.9282600000001,665,0,1.0,2715.592200770953,97712,71.87874,53.307256691729336,40.035,50.4116,142.3535,65.9647,0.06772240601503758,0,0,15.2454,0.17946,0.19934,2,2,25,66.08402,72.06414,53.409789323308225,40.035,50.5193,142.4525,0.0,0.10675999999999804,0.03481022556390977,0,0,1.2562,72.06414,53.409789323308225,40.035,50.5193,142.4525,66.08402,0,665,0.0,665,18.48154590544338,,,d41d8cd98f00b204e9800998ecf8427e,572a92ec029029b4b9c772e6bd54fb50,665,0,Login request returned 200,::Login request returned 200,,,,,,result_50_percent_registered_users25_rampfalse_login.json
50,25,True,full,47.0238,0,0,0.38484721206581346,0,0,3652.0367,68.38718,79.13889999999991,76.34748190127974,38.857,51.438500000000005,0.6453229890310785,0,0,119.3355,0,0,13.580472644839055,1094,25,25,25,2968.549805181789,239137,4115.4013,68.15455,78.11167,79.54096430530167,38.857,51.248599999999996,0,0,26.0376,0,0,0.23627888482632542,1161.116046160877,1082.4041,1105.37985,5184.4689,1140.20169,1164.492655,2188,0,1.0,2834.7064267022142,228355,78.10380500000001,79.46607833638026,38.857,51.1493,4115.4013,68.13684,0.04417330895795249,0,0,1.4908,0.1037,0.20299000000000006,2,1,25,68.15455,78.11167,79.54096430530167,38.857,51.248599999999996,4115.4013,0.0,0.04507500000000141,0.030712659963436938,0,0,1.4558,77.34025999999999,82.7344467093237,39.2643,51.04585,4115.4013,67.87356000000001,0,2188,0.0,2188,27.16094528967811,,,d41d8cd98f00b204e9800998ecf8427e,572a92ec029029b4b9c772e6bd54fb50,1094,0,Login request returned 200,::Login request returned 200,Play request returned 200,::Play request returned 200,81a35480d3fa4312b9306d0c2c265fcb,1094.0,0.0,result_50_percent_registered_users25_ramptrue_full.json
50,25,True,login,48.0993,0,0,0.6893175041876048,0,0,,,,,,,1.145047487437186,0,0,80.8727,0,0,14.810583852107008,1194,25,25,25,2175.63011284783,175395,3783.8551,65.9859,73.76489,60.26551507537692,39.7839,50.679199999999994,0,0,26.1014,0,0,0.44440611390284745,1061.990263065326,1040.1792,1051.2903999999999,4787.3799,1069.5612800000001,1079.954005,1194,0,1.0,2041.5037785154736,164582,73.25551499999996,60.18240536013406,39.7839,50.59965,3783.8551,65.9859,0.037808961474036853,0,0,0.5417,0.16597,0.187935,2,1,25,65.9859,73.76489,60.26551507537692,39.7839,50.679199999999994,3783.8551,0.0,0.3461549999999999,0.04530075376884423,0,0,1.0328,73.76489,60.26551507537692,39.7839,50.679199999999994,3783.8551,65.9859,0,1194,0.0,1194,14.810583852107008,,,d41d8cd98f00b204e9800998ecf8427e,572a92ec029029b4b9c772e6bd54fb50,1194,0,Login request returned 200,::Login request returned 200,,,,,,result_50_percent_registered_users25_ramptrue_login.json
50,35,False,full,44.0014,0,0,0.6234581460674157,0,0,310.7755,63.85559,70.92674499999995,53.786420112359515,40.2459,51.054649999999995,1.0390275280898877,0,0,82.4386,0,0,25.2094533093251,890,35,35,35,6847.397372924571,241742,310.7755,65.14989000000001,71.9853,53.847337808988684,39.6665,51.1364,0,0,25.5866,0,0,0.40321955056179776,1110.5154586516837,1084.2215,1104.8350500000001,1369.0278,1132.77973,1152.866495,1780,0,1.0,5506.905937122537,194417,71.892395,53.75638803370785,39.6665,51.08955,309.7747,65.14989000000001,0.0389970786516854,0,0,1.2726,0.0748100000000007,0.17013999999999996,3,3,35,65.14989000000001,71.9853,53.847337808988684,39.6665,51.1364,310.7755,0.14481000000000072,0.4184349999999999,0.05195269662921348,0,0,1.1113,72.29424,53.90825550561801,39.6665,51.25855,188.9672,66.58586,0,1780,0.0,1780,50.4189066186502,,,d41d8cd98f00b204e9800998ecf8427e,572a92ec029029b4b9c772e6bd54fb50,890,0,Login request returned 200,::Login request returned 200,Play request returned 200,::Play request returned 200,81a35480d3fa4312b9306d0c2c265fcb,890.0,0.0,result_50_percent_registered_users35_rampfalse_full.json
50,35,False,login,48.4536,0,0,1.220222139037433,0,0,,,,,,,2.064883957219252,0,0,120.2081,0,0,26.52703606577239,935,35,35,35,5300.328775233865,186821,175.2473,65.23742000000001,72.35387999999999,53.440633368983946,39.7078,50.3907,0,0,26.4358,0,0,0.7897445989304812,1056.129620962568,1040.3927,1050.9899,1176.8526,1070.98406,1098.5897599999998,934,1,0.9989304812834224,3891.530376429593,137165,72.21168999999999,53.36754631016045,39.7078,50.2033,175.2473,65.1847,0.04144588235294117,0,0,1.0013,0.16626000000000002,0.19035,3,3,35,65.26544000000001,72.36360999999998,53.43429004282654,39.7078,50.329,175.2473,0.0,0.19901999999999856,0.03164117647058823,0,0,1.0127,72.35387999999999,53.440633368983946,39.7078,50.3907,175.2473,65.23742000000001,1,934,0.0010695187165775401,935,26.52703606577239,,,d41d8cd98f00b204e9800998ecf8427e,572a92ec029029b4b9c772e6bd54fb50,934,1,Login request returned 200,::Login request returned 200,,,,,,result_50_percent_registered_users35_rampfalse_login.json
50,35,True,full,49.1124,0,0,0.29891434989429183,0,0,3137.2598,64.78693,73.66948499999997,59.40049244186043,40.0998,51.144800000000004,0.4987937103594081,0,0,82.313,0,0,18.760460444049073,1892,35,35,35,3818.427966384174,385090,4311.8804,65.78798000000002,73.5633,61.47868403805478,39.447,51.2273,0,0,26.6856,0,0,0.19493395877378436,1124.6330665961955,1082.3702,1104.3218499999998,5366.4702,1132.6570800000002,1147.85033,3784,0,1.0,3867.480819352837,390037,73.51076499999999,61.39757885835095,39.447,51.14195,4311.8804,65.73801,0.04335816596194507,0,0,1.7432,0.11927000000000003,0.191985,3,1,35,65.78798000000002,73.5633,61.47868403805478,39.447,51.2273,4311.8804,0.0,0.23208499999999999,0.03774701374207188,0,0,1.4656,73.41875499999999,63.55687563424941,39.447,51.25735,4311.8804,66.26303,0,3784,0.0,3784,37.520920888098146,,,d41d8cd98f00b204e9800998ecf8427e,572a92ec029029b4b9c772e6bd54fb50,1892,0,Login request returned 200,::Login request returned 200,Play request returned 200,::Play request returned 200,81a35480d3fa4312b9306d0c2c265fcb,1892.0,0.0,result_50_percent_registered_users35_ramptrue_full.json
50,35,True,login,46.3511,0,0,0.5649976226605969,0,0,,,,,,,0.9450678300455234,0,0,86.9143,0,0,19.622419527641156,1977,35,35,35,2678.495004252581,269864,4227.0852,67.97098,76.29207999999998,71.98545796661617,39.7717,50.6591,0,0,24.3466,0,0,0.3679307536671725,1073.5038346990393,1040.0313,1051.3108,5227.722,1069.9702399999999,1084.90416,1977,0,1.0,2664.867496912444,268491,76.16478,71.91672776934755,39.7717,50.5552,4227.0852,67.94052,0.034113808801213966,0,0,1.001,0.16622000000000006,0.19132,3,1,35,67.97098,76.29207999999998,71.98545796661617,39.7717,50.6591,4227.0852,0.0,0.10649999999999454,0.03461638846737481,0,0,1.495,76.29207999999998,71.98545796661617,39.7717,50.6591,4227.0852,67.97098,0,1977,0.0,1977,19.622419527641156,,,d41d8cd98f00b204e9800998ecf8427e,572a92ec029029b4b9c772e6bd54fb50,1977,0,Login request returned 200,::Login request returned 200,,,,,,result_50_percent_registered_users35_ramptrue_login.json
50,50,False,full,46.7967,0,0,0.6282664173228348,0,0,201.3311,64.21698000000002,72.04642999999999,53.92614637795279,39.9691,51.49665,1.0551916141732283,0,0,81.3831,0,0,35.40739174802633,1270,50,50,50,9623.11572072107,345164,215.5117,64.73912,72.99807,53.99128460629925,39.3591,51.33555,0,0,29.8215,0,0,0.42031846456692895,1110.8220166141728,1082.5023,1104.4884,1267.0987,1136.12617,1157.4523900000002,2540,0,1.0,7735.734461535135,277467,72.99807,53.903804921259905,39.1689,51.2471,215.5117,64.72487,0.037436338582677156,0,0,1.5262,0.09362999999999988,0.18730499999999997,2,2,50,64.73912,72.99807,53.99128460629925,39.3591,51.33555,215.5117,0.060449999999999955,0.38872999999999985,0.05004334645669293,0,0,1.4786,73.73363499999999,54.05642283464567,39.3591,51.198449999999994,215.5117,65.43657000000002,0,2540,0.0,2540,70.81478349605266,,,d41d8cd98f00b204e9800998ecf8427e,572a92ec029029b4b9c772e6bd54fb50,1270,0,Login request returned 200,::Login request returned 200,Play request returned 200,::Play request returned 200,81a35480d3fa4312b9306d0c2c265fcb,1270.0,0.0,result_50_percent_registered_users50_rampfalse_full.json
50,50,False,login,47.7705,0,0,1.2044916540212443,0,0,,,,,,,2.0271901365705616,0,0,125.4654,0,0,36.79838545436547,1318,50,50,50,7399.155783613969,265014,2782.629,65.31626999999997,75.21405499999995,66.99623839150229,40.4771,51.3198,0,0,27.4678,0,0,0.776168588770865,1069.5940701062214,1041.0949,1051.82485,3782.7957,1070.6799700000001,1100.416055,1318,0,1.0,5409.167222718749,193739,75.19308499999997,66.91716183611531,40.4771,51.21895,2782.629,65.28071999999999,0.02902989377845217,0,0,1.0008,0.13097999999999996,0.16884499999999997,4,4,50,65.31626999999997,75.21405499999995,66.99623839150229,40.4771,51.3198,2782.629,0.03863,0.372515,0.05004666160849772,0,0,1.4118,75.21405499999995,66.99623839150229,40.4771,51.3198,2782.629,65.31626999999997,0,1318,0.0,1318,36.79838545436547,,,d41d8cd98f00b204e9800998ecf8427e,572a92ec029029b4b9c772e6bd54fb50,1318,0,Login request returned 200,::Login request returned 200,,,,,,result_50_percent_registered_users50_rampfalse_login.json
50,50,True,full,49.2473,0,0,0.24004919809919809,0,0,4237.569,62.37468,69.71115999999999,58.71191107811114,39.0129,49.7522,0.39873290763290753,0,0,94.3922,0,0,25.838961456149356,3367,50,50,50,4958.340917596761,646107,5298.5595,62.6447,70.32961499999999,60.93414408969406,38.4375,49.804500000000004,0,0,27.6358,0,0,0.15554959904959906,1123.352142768041,1081.5656,1101.5915,6353.7438,1124.50786,1141.95862,6734,0,1.0,5267.9787010338605,686455,70.28732499999998,60.857014107513876,38.4375,49.721199999999996,5298.3844,62.56387,0.03780291060291062,0,0,1.566,0.10546999999999998,0.17323499999999994,2,1,50,62.6447,70.32961499999999,60.93414408969406,38.4375,49.804500000000004,5298.5595,0.0,0.2722499999999984,0.03932707157707157,0,0,1.4357,71.02119999999998,63.156377101277194,38.4375,49.8322,5298.5595,62.790780000000005,0,6734,0.0,6734,51.67792291229871,,,d41d8cd98f00b204e9800998ecf8427e,572a92ec029029b4b9c772e6bd54fb50,3367,0,Login request returned 200,::Login request returned 200,Play request returned 200,::Play request returned 200,81a35480d3fa4312b9306d0c2c265fcb,3367.0,0.0,result_50_percent_registered_users50_ramptrue_full.json
50,50,True,login,49.6019,0,0,0.45027689489997175,0,0,,,,,,,0.7610432516201746,0,0,86.0535,0,0,26.926380684994104,3549,50,50,50,3362.626205763365,443207,5631.1954,66.73102,75.72793999999999,64.60883958861656,39.2017,51.0295,0,0,27.4734,0,0,0.304403550295858,1065.9363494223749,1039.6013,1051.6571,6631.7269,1068.66418,1083.31466,3549,0,1.0,3603.924208385386,475011,75.65108,64.54323347421817,39.2017,50.935,5631.1954,66.67276000000001,0.02483826429980276,0,0,0.5444,0.13654000000000005,0.17035999999999998,1,1,50,66.73102,75.72793999999999,64.60883958861656,39.2017,51.0295,5631.1954,0.0,0.2889399999999994,0.040767850098619336,0,0,1.1952,75.72793999999999,64.60883958861656,39.2017,51.0295,5631.1954,66.73102,0,3549,0.0,3549,26.926380684994104,,,d41d8cd98f00b204e9800998ecf8427e,572a92ec029029b4b9c772e6bd54fb50,3549,0,Login request returned 200,::Login request returned 200,,,,,,result_50_percent_registered_users50_ramptrue_login.json
75,10,False,full,50.1229,0,0,0.6670405241935483,0,0,3266.8207,61.16308,67.42021999999997,72.55562298387092,40.8807,48.38565,1.1174578629032257,0,0,88.5745,0,0,7.027735806656537,248,10,10,10,1909.5038290150972,67384,3657.7898,62.54305,68.203725,70.35364596774193,40.0213,49.2522,0,0,24.3959,0,0,0.42207923387096774,1143.6384012096776,1083.4729,1101.62135,4732.4851,1126.10809,1159.8249049999997,496,0,1.0,1537.8272853049875,54268,68.203725,70.23344919354842,40.0213,49.216899999999995,3657.7898,62.451049999999995,0.0798110887096774,0,0,1.4233,0.1946,0.528425,1,1,10,62.54305,68.203725,70.35364596774193,40.0213,49.2522,3657.7898,0.0,0.18372499999999997,0.04038568548387096,0,0,1.4094,69.40847499999991,68.15166895161288,40.0213,49.577799999999996,3657.7898,62.60788,0,496,0.0,496,14.055471613313074,,,d41d8cd98f00b204e9800998ecf8427e,572a92ec029029b4b9c772e6bd54fb50,248,0,Login request returned 200,::Login request returned 200,Play request returned 200,::Play request returned 200,81a35480d3fa4312b9306d0c2c265fcb,248.0,0.0,result_75_percent_registered_users10_rampfalse_full.json
75,10,False,login,52.2691,0,0,1.2520425373134327,0,0,,,,,,,2.0934373134328355,0,0,88.6599,0,0,7.445335051286983,268,10,10,10,1483.5941333726819,53403,2015.3287,69.24949000000001,75.39620999999994,61.33943208955222,40.3431,50.5434,0,0,26.121,0,0,0.7854977611940298,1064.0011511194036,1040.6539,1051.07525,3016.0961,1072.07718,1097.56581,268,0,1.0,1087.4078529010264,39142,75.39620999999994,61.247169776119364,39.9306,50.4266,2015.3287,69.24949000000001,0.04819141791044775,0,0,0.6482,0.19142,0.2160899999999999,1,1,10,69.24949000000001,75.39620999999994,61.33943208955222,40.3431,50.5434,2015.3287,0.0,0.35756499999999747,0.044070895522388055,0,0,1.0358,75.39620999999994,61.33943208955222,40.3431,50.5434,2015.3287,69.24949000000001,0,268,0.0,268,7.445335051286983,,,d41d8cd98f00b204e9800998ecf8427e,572a92ec029029b4b9c772e6bd54fb50,268,0,Login request returned 200,::Login request returned 200,,,,,,result_75_percent_registered_users10_rampfalse_login.json
75,10,True,full,53.6089,0,0,0.5354985804416403,0,0,2833.4369,69.79334,76.8565,70.68993911671932,39.1493,52.1486,0.8953470031545743,0,0,87.2155,0,0,6.223005016488019,317,10,10,10,1516.8034877096634,77266,3024.0814,69.86808,77.966305,70.71968312302837,39.1493,51.944900000000004,0,0,27.1393,0,0,0.33303596214511044,1143.9779429022085,1085.5827,1108.2053,4094.9699,1143.03092,1167.7822399999998,634,0,1.0,1330.3489083828395,67768,77.56620500000001,70.61370031545742,39.1493,51.84365,3024.0814,69.86808,0.06061987381703472,0,0,1.0417,0.17795000000000002,0.5165500000000001,2,1,10,69.86808,77.966305,70.71968312302837,39.1493,51.944900000000004,3024.0814,0.0,0.25878500000000115,0.04536293375394322,0,0,1.2847,78.26444,70.74942712933748,40.2299,51.5828,3024.0814,70.02118000000002,0,634,0.0,634,12.446010032976037,,,d41d8cd98f00b204e9800998ecf8427e,572a92ec029029b4b9c772e6bd54fb50,317,0,Login request returned 200,::Login request returned 200,Play request returned 200,::Play request returned 200,81a35480d3fa4312b9306d0c2c265fcb,317.0,0.0,result_75_percent_registered_users10_ramptrue_full.json
75,10,True,login,48.8246,0,0,1.0280111764705882,0,0,,,,,,,1.7760779411764709,0,0,91.8766,0,0,6.711421438377591,340,10,10,10,1170.3534620041394,59290,168.834,71.54398,85.44714,56.06890352941173,41.5405,52.24955,0,0,42.6481,0,0,0.6846061764705882,1058.3673220588232,1042.0291,1053.1425,1169.5536,1076.3364,1100.56654,340,0,1.0,951.5413836382111,48205,85.44714,55.97984794117644,41.4022,52.1637,168.834,71.54398,0.05205882352941176,0,0,0.5908,0.20126,0.22330000000000003,1,1,10,71.54398,85.44714,56.06890352941173,41.5405,52.24955,168.834,0.0,0.0,0.036996764705882354,0,0,1.0325,85.44714,56.06890352941173,41.5405,52.24955,168.834,71.54398,0,340,0.0,340,6.711421438377591,,,d41d8cd98f00b204e9800998ecf8427e,572a92ec029029b4b9c772e6bd54fb50,340,0,Login request returned 200,::Login request returned 200,,,,,,result_75_percent_registered_users10_ramptrue_login.json
75,25,False,full,45.987,0,0,0.640208398744113,0,0,408.1095,66.82708,73.50169999999997,54.37805635792779,39.7056,50.33,1.0534482731554158,0,0,79.601,0,0,17.964295154001093,637,25,25,25,4819.761166867435,170905,408.1095,66.33768000000002,72.983995,53.83808979591842,39.4288,50.43755,0,0,26.3481,0,0,0.40139631083202504,1110.5718695447404,1085.8702,1103.6443,1467.5126,1134.39364,1153.2457,1274,0,1.0,3920.672165604157,139024,72.983995,53.7390188383046,39.4288,50.38605,408.1095,66.04948,0.05870353218210359,0,0,1.515,0.17287,0.5092249999999999,2,2,25,66.33768000000002,72.983995,53.83808979591842,39.4288,50.43755,408.1095,0.0,0.23143499999999925,0.04036742543171114,0,0,1.4496,71.79959999999997,53.298123233908974,39.4288,50.5718,116.9691,65.56744,0,1274,0.0,1274,35.928590308002185,,,d41d8cd98f00b204e9800998ecf8427e,572a92ec029029b4b9c772e6bd54fb50,637,0,Login request returned 200,::Login request returned 200,Play request returned 200,::Play request returned 200,81a35480d3fa4312b9306d0c2c265fcb,637.0,0.0,result_75_percent_registered_users25_rampfalse_full.json
75,25,False,login,48.5858,0,0,1.1990887556221888,0,0,,,,,,,2.011673313343328,0,0,82.4848,0,0,18.655987162890753,667,25,25,25,3723.617563730859,133129,154.7136,64.816,71.64488999999999,53.510004197901004,39.7348,50.8532,0,0,27.1272,0,0,0.7917235382308845,1056.108804047976,1040.1474,1051.4493,1155.1965,1068.09746,1089.45157,667,0,1.0,2727.298345246104,97508,71.51933999999999,53.42584287856069,39.7348,50.7232,154.7136,64.816,0.04657496251874064,0,0,0.9993,0.18347999999999998,0.2026,1,1,25,64.816,71.64488999999999,53.510004197901004,39.7348,50.8532,154.7136,0.0,0.3007199999999989,0.03758635682158921,0,0,1.0303,71.64488999999999,53.510004197901004,39.7348,50.8532,154.7136,64.816,0,667,0.0,667,18.655987162890753,,,d41d8cd98f00b204e9800998ecf8427e,572a92ec029029b4b9c772e6bd54fb50,667,0,Login request returned 200,::Login request returned 200,,,,,,result_75_percent_registered_users25_rampfalse_login.json
75,25,True,full,49.9553,0,0,0.3600206760316067,0,0,180.2456,65.25018,71.77644,53.1399225636523,39.5158,50.4242,0.6186823090430202,0,0,121.4016,0,0,14.229779988611678,1139,25,25,25,3017.3380186914096,241518,1007.1668,65.80694000000001,72.90053,54.66693990342422,39.3774,50.7933,0,0,27.7016,0,0,0.2358064969271291,1111.3699564530289,1082.011,1104.3151,2057.173,1131.10978,1146.89609,2278,0,1.0,2959.419440967789,236882,72.90053,54.56487629499573,39.2105,50.6905,1007.1668,65.59174000000002,0.05685816505706761,0,0,1.0718,0.17553000000000002,0.28293000000000035,2,1,25,65.80694000000001,72.90053,54.66693990342422,39.3774,50.7933,1007.1668,0.0,0.329,0.045205443371378405,0,0,1.1127,74.83514999999998,56.193957243195854,39.3774,51.0946,1007.1668,66.63540000000002,0,2278,0.0,2278,28.459559977223357,,,d41d8cd98f00b204e9800998ecf8427e,572a92ec029029b4b9c772e6bd54fb50,1139,0,Login request returned 200,::Login request returned 200,Play request returned 200,::Play request returned 200,81a35480d3fa4312b9306d0c2c265fcb,1139.0,0.0,result_75_percent_registered_users25_ramptrue_full.json
75,25,True,login,49.5044,0,0,0.6916348043297251,0,0,,,,,,,1.1402363863447125,0,0,82.4504,0,0,14.938612929539648,1201,25,25,25,2188.699590597548,175962,318.4347,67.3878,73.8591,55.17210316402999,38.193,51.8559,0,0,26.7524,0,0,0.4368287260616152,1056.8927484596165,1038.4759,1052.5117,1318.5263,1069.6188,1082.3894,1201,0,1.0,2048.5676894616668,164696,73.8123,55.089176852622835,38.193,51.7115,318.4347,67.3745,0.04345312239800166,0,0,1.001,0.1836,0.2035,2,1,25,67.3878,73.8591,55.17210316402999,38.193,51.8559,318.4347,0.0,0.1646,0.03947318900915904,0,0,1.489,73.8591,55.17210316402999,38.193,51.8559,318.4347,67.3878,0,1201,0.0,1201,14.938612929539648,,,d41d8cd98f00b204e9800998ecf8427e,572a92ec029029b4b9c772e6bd54fb50,1201,0,Login request returned 200,::Login request returned 200,,,,,,result_75_percent_registered_users25_ramptrue_login.json
75,35,False,full,50.6557,0,0,0.6177724719101125,0,0,262.7448,65.37834,71.18052999999999,53.44417752808986,40.0395,50.633300000000006,1.0358934269662923,0,0,85.0467,0,0,25.120558286964663,890,35,35,35,6761.184150263344,239543,262.7448,64.61353000000001,71.32073,53.34821415730344,38.8427,50.6923,0,0,26.4234,0,0,0.4084914606741574,1109.523598876404,1083.9162,1103.92875,1311.465,1131.50511,1151.0439749999998,1780,0,1.0,5475.63252359133,193997,71.312085,53.259442696629314,38.8427,50.5644,262.7448,64.51030000000003,0.04542337078651685,0,0,1.4728,0.14661000000000016,0.20812499999999987,3,3,35,64.61353000000001,71.32073,53.34821415730344,38.8427,50.6923,262.7448,0.0,0.3812249999999997,0.04334808988764044,0,0,1.0195,71.75293999999998,53.252250786516804,38.8427,50.743750000000006,119.5253,64.11792,0,1780,0.0,1780,50.241116573929325,,,d41d8cd98f00b204e9800998ecf8427e,572a92ec029029b4b9c772e6bd54fb50,890,0,Login request returned 200,::Login request returned 200,Play request returned 200,::Play request returned 200,81a35480d3fa4312b9306d0c2c265fcb,890.0,0.0,result_75_percent_registered_users35_rampfalse_full.json
75,35,False,login,53.7062,0,0,1.199860920770878,0,0,,,,,,,2.044815203426124,0,0,129.6746,0,0,26.54676019956229,934,35,35,35,5300.8536659299425,186501,3295.5258,66.12943000000001,75.14263,59.78320064239836,38.8678,50.786500000000004,0,0,26.3565,0,0,0.7862807280513918,1062.4181038543907,1039.1915,1051.6471000000001,4296.3587,1072.14246,1096.426725,934,0,1.0,3883.387415488432,136630,75.14263,59.69304614561028,38.8678,50.6516,3295.3326,66.07744000000002,0.0418279443254818,0,0,0.5322,0.17617,0.195535,3,3,35,66.12943000000001,75.14263,59.78320064239836,38.8678,50.786500000000004,3295.5258,0.0,0.40009999999999946,0.04832655246252676,0,0,1.0559,75.14263,59.78320064239836,38.8678,50.786500000000004,3295.5258,66.12943000000001,0,934,0.0,934,26.54676019956229,,,d41d8cd98f00b204e9800998ecf8427e,572a92ec029029b4b9c772e6bd54fb50,934,0,Login request returned 200,::Login request returned 200,,,,,,result_75_percent_registered_users35_rampfalse_login.json
75,35,True,full,47.7284,0,0,0.2943823607427056,0,0,4093.0969,64.86110000000001,72.10285999999999,63.07306318302398,39.0915,51.0436,0.48877917771883295,0,0,75.9902,0,0,18.771361996670002,1885,35,35,35,3776.130828820839,379195,4372.7098,66.03006,75.62293999999999,62.33849591511934,39.0915,51.17885,0,0,26.4015,0,0,0.1907466843501327,1126.3762471087543,1083.1044,1105.0495,5423.075,1134.1747400000002,1150.82624,3770,0,1.0,3867.717150456581,388392,75.58012499999998,62.2531377718833,39.0915,51.094,4372.7098,65.97607,0.044681830238726815,0,0,1.4989,0.12633999999999995,0.19811999999999988,3,1,35,66.03006,75.62293999999999,62.33849591511934,39.0915,51.17885,4372.7098,0.0,0.2854899999999995,0.04067631299734748,0,0,2.1225,77.79151999999999,61.60392864721482,39.5826,51.3147,4372.7098,67.51956000000001,0,3770,0.0,3770,37.542723993340005,,,d41d8cd98f00b204e9800998ecf8427e,572a92ec029029b4b9c772e6bd54fb50,1885,0,Login request returned 200,::Login request returned 200,Play request returned 200,::Play request returned 200,81a35480d3fa4312b9306d0c2c265fcb,1885.0,0.0,result_75_percent_registered_users35_ramptrue_full.json
75,35,True,login,49.9712,0,0,0.5685097145718578,0,0,,,,,,,0.9563908863294943,0,0,88.1637,0,0,19.76435579133362,1997,35,35,35,2686.8736120674134,271483,4940.8552,66.98372,76.06782,62.83415353029553,39.8901,51.2502,0,0,27.1779,0,0,0.378439509263896,1064.3533592388576,1040.2724,1051.8458,5941.0983,1068.99182,1082.89116,1997,0,1.0,2674.987286927007,270282,75.71279999999992,62.751586780170356,39.6845,51.1986,4940.8552,66.79332,0.04145373059589385,0,0,1.0331,0.18194000000000005,0.20215999999999987,1,1,35,66.98372,76.06782,62.83415353029553,39.8901,51.2502,4940.8552,0.0,0.23083999999999932,0.04111301952929393,0,0,1.2647,76.06782,62.83415353029553,39.8901,51.2502,4940.8552,66.98372,0,1997,0.0,1997,19.76435579133362,,,d41d8cd98f00b204e9800998ecf8427e,572a92ec029029b4b9c772e6bd54fb50,1997,0,Login request returned 200,::Login request returned 200,,,,,,result_75_percent_registered_users35_ramptrue_login.json
75,50,False,full,51.3537,0,0,0.6449341632653062,0,0,4519.6206,63.78054000000001,71.01146,69.27377706122452,40.4128,51.4684,1.069414244897959,0,0,82.6827,0,0,34.56159866189678,1225,50,50,50,9489.119674410667,336332,5183.3375,65.27189,73.62093999999999,74.01219644897954,40.3198,51.4613,0,0,27.324,0,0,0.41792036734693877,1150.867524489796,1085.7959,1105.0931,6265.9153,1135.0297600000001,1159.20364,2450,0,1.0,7564.6452202664705,268121,73.48184999999994,73.92663685714284,40.165,51.405550000000005,5183.3375,65.21064,0.039578489795918395,0,0,1.33,0.10917999999999993,0.1842899999999995,2,2,50,65.27189,73.62093999999999,74.01219644897954,40.3198,51.4613,5183.3375,0.0,0.356534999999999,0.04598110204081632,0,0,1.3964,75.41839999999999,78.75061583673475,40.3198,51.4542,5183.3375,66.65330000000002,0,2450,0.0,2450,69.12319732379356,,,d41d8cd98f00b204e9800998ecf8427e,572a92ec029029b4b9c772e6bd54fb50,1225,0,Login request returned 200,::Login request returned 200,Play request returned 200,::Play request returned 200,81a35480d3fa4312b9306d0c2c265fcb,1225.0,0.0,result_75_percent_registered_users50_rampfalse_full.json
75,50,False,login,43.7627,0,0,1.1985052750565186,0,0,,,,,,,2.016275810097966,0,0,96.3512,0,0,36.88551169677656,1327,50,50,50,7384.57950789068,265669,3484.9234,67.23488,75.64246,57.944170836473276,40.8044,52.4973,0,0,28.036,0,0,0.7932119819140919,1060.5343467219286,1041.2008,1053.3966,4485.3079,1072.48486,1097.36751,1327,0,1.0,5395.652677482881,194115,75.48713,57.87546043707606,40.684,52.4322,3484.7966,67.23488,0.032950715900527554,0,0,0.5938,0.15736000000000003,0.18807000000000007,3,3,50,67.23488,75.64246,57.944170836473276,40.8044,52.4973,3484.9234,0.0,0.22413000000000036,0.0357596834966089,0,0,1.159,75.64246,57.944170836473276,40.8044,52.4973,3484.9234,67.23488,0,1327,0.0,1327,36.88551169677656,,,d41d8cd98f00b204e9800998ecf8427e,572a92ec029029b4b9c772e6bd54fb50,1327,0,Login request returned 200,::Login request returned 200,,,,,,result_75_percent_registered_users50_rampfalse_login.json
75,50,True,full,50.6701,0,0,0.22922733411626542,0,0,214.6457,65.17625000000001,72.104125,54.36753693482082,38.8527,51.77765,0.38941741045214323,0,0,91.0625,0,0,26.088146010386822,3406,50,50,50,4973.64452708768,649346,233.0464,65.8747,73.793945,54.52145008807988,38.0123,51.77765,0,0,30.8871,0,0,0.1571930857310628,1110.51365651791,1083.9114,1105.73655,1284.5989,1131.6595000000002,1147.188675,6812,0,1.0,5313.533393561819,693721,73.534195,54.4455647974163,38.0123,51.6846,233.0464,65.80821,0.038565120375807393,0,0,1.445,0.10647000000000016,0.190045,1,1,50,65.8747,73.793945,54.52145008807988,38.0123,51.77765,233.0464,0.0,0.2509249999999999,0.0373201702877275,0,0,1.3078,75.287425,54.67536324133871,38.0123,51.7729,233.0464,66.5034,0,6812,0.0,6812,52.176292020773644,,,d41d8cd98f00b204e9800998ecf8427e,572a92ec029029b4b9c772e6bd54fb50,3406,0,Login request returned 200,::Login request returned 200,Play request returned 200,::Play request returned 200,81a35480d3fa4312b9306d0c2c265fcb,3406.0,0.0,result_75_percent_registered_users50_ramptrue_full.json
75,50,True,login,45.5443,0,0,0.44670979672501415,0,0,,,,,,,0.7467845849802374,0,0,87.1794,0,0,27.15902233337857,3542,50,50,50,3393.9193281512394,442625,4356.0682,67.37376,75.414965,66.399653585545,39.3475,51.397149999999996,0,0,27.3405,0,0,0.29307092038396376,1067.7264562958785,1039.5927,1052.0621,5356.4026,1069.7105199999999,1080.30279,3542,0,1.0,3627.1863460580835,473047,75.38803499999999,66.3293322134388,39.3475,51.3234,4356.0682,67.33216,0.03169082439299827,0,0,1.0003,0.16469000000000003,0.190095,4,1,50,67.37376,75.414965,66.399653585545,39.3475,51.397149999999996,4356.0682,0.0,0.18154999999999763,0.03863054771315641,0,0,1.223,75.414965,66.399653585545,39.3475,51.397149999999996,4356.0682,67.37376,0,3542,0.0,3542,27.15902233337857,,,d41d8cd98f00b204e9800998ecf8427e,572a92ec029029b4b9c772e6bd54fb50,3542,0,Login request returned 200,::Login request returned 200,,,,,,result_75_percent_registered_users50_ramptrue_login.json
